id,neighbourhood
73282,Sihlfeld
143821,Alt-Wiedikon
178448,Enge
227039,Escher Wyss
283737,Rathaus
292351,Hard
310964,Hochschulen
577683,Höngg
610348,Oerlikon
620130,Wipkingen
644888,Sihlfeld
706972,Wipkingen
706997,Wipkingen
743035,Friesenberg
751660,Sihlfeld
815055,Wollishofen
816887,Wollishofen
898829,Seebach
946104,Alt-Wiedikon
1002219,Hottingen
1028631,Werd
1358424,Mühlebach
1478873,Enge
1528138,Unterstrass
1566319,Weinegg
1599790,Oerlikon
1637876,Fluntern
1638930,Gewerbeschule
1738497,Langstrasse
1834747,Lindenhof
1859135,Fluntern
1876794,Hottingen
1880893,Hochschulen
1888122,Mühlebach
1944658,Unterstrass
1957786,Langstrasse
1962016,Altstetten
1982405,Wipkingen
1992345,Wollishofen
2004128,Werd
2021797,Alt-Wiedikon
2045519,Hottingen
2049847,Hottingen
2055920,Gewerbeschule
2073042,Hottingen
2082084,Alt-Wiedikon
2470664,Rathaus
2579889,Alt-Wiedikon
2668952,Lindenhof
2679799,Wollishofen
2759581,Rathaus
2785626,Escher Wyss
2836559,Lindenhof
2869081,Altstetten
2869105,Altstetten
2869130,Altstetten
2920505,Rathaus
2920543,Rathaus
2920590,Mühlebach
2920698,Rathaus
2920742,Rathaus
2920780,Rathaus
2920806,Rathaus
2962635,Rathaus
3209659,Altstetten
3470221,Mühlebach
3470708,Mühlebach
3483175,Mühlebach
3487718,Mühlebach
3631629,Mühlebach
3673115,Langstrasse
3680581,Seefeld
3681861,Hottingen
3682024,Hottingen
3682156,Hottingen
3683319,Weinegg
3813905,Altstetten
3814983,Weinegg
3857206,Alt-Wiedikon
3872298,Altstetten
3890636,Hard
3941358,Mühlebach
4145732,Hard
4195239,Hirslanden
4201898,Hirslanden
4202724,Seefeld
4222482,Seefeld
4222657,Seefeld
4222997,Unterstrass
4246456,Rathaus
4281532,Seefeld
4290893,Unterstrass
4298448,Hottingen
4298896,Hottingen
4315829,Witikon
4368558,Hard
4381761,Langstrasse
4413887,Seefeld
4425602,Altstetten
4425760,Unterstrass
4460481,Altstetten
4544512,Seefeld
4666089,Gewerbeschule
4666318,Alt-Wiedikon
4748384,Unterstrass
4796892,Rathaus
4797373,Rathaus
4850468,Seebach
4921250,Unterstrass
5000434,Affoltern
5055921,Seefeld
5081849,Langstrasse
5168505,Witikon
5172569,Affoltern
5208392,Unterstrass
5209282,Rathaus
5210463,Seefeld
5267443,Werd
5349018,Mühlebach
5349345,Mühlebach
5350564,Hirslanden
5350881,Hirslanden
5352022,Höngg
5378507,Oerlikon
5483148,Rathaus
5553853,Rathaus
5609431,Alt-Wiedikon
5687423,Rathaus
5744466,Seebach
6007128,Oerlikon
6080762,Hirzenbach
6099740,Mühlebach
6203434,Rathaus
6293591,Alt-Wiedikon
6534203,Affoltern
6590086,Altstetten
6641620,Escher Wyss
6669104,Mühlebach
6752793,Fluntern
6857376,Hard
6858968,Mühlebach
6862908,Rathaus
6996487,Oberstrass
7232723,Hochschulen
7551201,Mühlebach
7589458,Oerlikon
7599396,Hard
7613086,Oerlikon
7646490,Altstetten
7673299,Altstetten
7673510,Altstetten
7726353,Escher Wyss
7737458,Fluntern
7739547,Fluntern
7741739,Hard
7746167,Sihlfeld
7756218,Fluntern
7841685,Rathaus
8093940,Fluntern
8094116,Fluntern
8158459,Rathaus
8160075,Seefeld
8169064,Witikon
8263299,Witikon
8271883,Oerlikon
8332340,Altstetten
8332432,Altstetten
8370018,City
8388173,Sihlfeld
8392091,Hard
8397025,Escher Wyss
8476758,Werd
8627237,Affoltern
8658138,Mühlebach
8658489,Mühlebach
8658898,Rathaus
8708068,Escher Wyss
8915577,Seefeld
8926048,Sihlfeld
8971198,Rathaus
9005395,Alt-Wiedikon
9067422,Mühlebach
9132333,Seefeld
9229424,Fluntern
9243499,Mühlebach
9244524,Langstrasse
9245092,Langstrasse
9245379,Langstrasse
9248507,Langstrasse
9248717,Langstrasse
9285611,Rathaus
9299992,Oberstrass
9357495,Langstrasse
9481082,Oberstrass
9519509,Fluntern
9520586,Fluntern
9526343,Unterstrass
9590886,Wipkingen
9598058,Höngg
9781471,Rathaus
9783843,Seefeld
9785013,City
9892141,Rathaus
9929768,Oerlikon
10005298,Oerlikon
10006040,Oerlikon
10006714,Oerlikon
10044960,Lindenhof
10095770,Sihlfeld
10121853,Wipkingen
10201982,Altstetten
10382963,Rathaus
10418945,Enge
10506470,Seefeld
10701017,Wollishofen
10704449,Unterstrass
10720130,Fluntern
10762056,Rathaus
10871301,Seefeld
10892010,Oerlikon
10973187,Gewerbeschule
11015954,Gewerbeschule
11075723,Seefeld
11128754,Langstrasse
11221242,Seefeld
11266276,Affoltern
11307775,Altstetten
11334434,Affoltern
11597416,Rathaus
11798707,Hirzenbach
11949543,Gewerbeschule
11977829,Oerlikon
12242242,Wipkingen
12316807,Sihlfeld
12469141,Oerlikon
12617563,Wollishofen
12659155,Sihlfeld
12664810,Unterstrass
12786627,Hard
12819700,Enge
12844495,Affoltern
12860185,Lindenhof
13060550,Wipkingen
13071400,Sihlfeld
13078820,Weinegg
13138331,Unterstrass
13163060,Lindenhof
13307128,Rathaus
13353575,Enge
13432999,Lindenhof
13514089,City
13517210,Rathaus
13656976,Unterstrass
13720909,Affoltern
13738654,Seefeld
13738854,Seefeld
13740005,Enge
13754939,Wipkingen
13760278,Seefeld
13821357,Sihlfeld
13879118,Gewerbeschule
13895923,Langstrasse
13907213,Enge
13927064,Escher Wyss
13980689,Rathaus
14113525,Enge
14165529,Hirzenbach
14171312,Alt-Wiedikon
14437525,Alt-Wiedikon
14477404,Langstrasse
14497537,Seefeld
14497922,Altstetten
14652186,Wipkingen
14659604,Oberstrass
14766973,Seefeld
14781925,Höngg
14784853,Oberstrass
14823254,Oerlikon
14861181,Langstrasse
14921512,Weinegg
14924969,Seefeld
14925431,Seefeld
14998360,Sihlfeld
15113006,Seefeld
15172572,Alt-Wiedikon
15250857,Alt-Wiedikon
15253929,Wipkingen
15341716,Langstrasse
15363618,Oberstrass
15372451,Langstrasse
15381261,Enge
15450893,Hard
15519676,Alt-Wiedikon
15525696,Escher Wyss
15527370,Escher Wyss
15541196,Seebach
15578517,Escher Wyss
15596713,Langstrasse
15596845,Langstrasse
15596933,Langstrasse
15597068,Langstrasse
15645106,Werd
15653745,Oerlikon
15654684,Oerlikon
15654860,Oerlikon
15672243,Oerlikon
15672687,Oerlikon
15673613,Oerlikon
15673758,Oerlikon
15673943,Oerlikon
15674116,Oerlikon
15674393,Oerlikon
15712965,Altstetten
15724194,Wollishofen
15765855,Altstetten
15780649,Altstetten
15780767,Altstetten
15781029,Altstetten
15782017,Hard
15796209,Escher Wyss
15796740,Altstetten
15796875,Altstetten
15797256,Altstetten
15797502,Altstetten
15853113,Oerlikon
15862347,Wipkingen
15863621,Saatlen
15879427,Alt-Wiedikon
15946738,Oberstrass
16046971,Enge
16145275,Höngg
16238364,Wipkingen
16263857,Rathaus
16329215,Wollishofen
16390223,Witikon
16435353,Höngg
16611283,Werd
16735328,Oberstrass
16791727,Langstrasse
16819240,Weinegg
16887683,Albisrieden
16938543,Escher Wyss
16940188,Leimbach
17023300,Fluntern
17083952,Enge
17094910,Altstetten
17138503,Alt-Wiedikon
17261980,Mühlebach
17267151,Wollishofen
17428463,Alt-Wiedikon
17471935,Sihlfeld
17486280,Enge
17506390,Rathaus
17529228,Sihlfeld
17603397,Saatlen
17646972,Enge
17648054,Alt-Wiedikon
17705224,Gewerbeschule
17706352,Weinegg
17739331,Rathaus
17854285,Rathaus
17915734,Alt-Wiedikon
17918837,Oerlikon
17954448,Hochschulen
17960665,Rathaus
17969667,Mühlebach
18031424,Höngg
18165560,Hard
18178310,Sihlfeld
18233101,Hard
18355296,Affoltern
18456292,Lindenhof
18780797,Wollishofen
18845736,Enge
18966169,Höngg
18993086,Seefeld
19040977,Unterstrass
19061852,Unterstrass
19064159,Rathaus
19064424,Mühlebach
19133540,Hard
19205207,Seefeld
19220952,Alt-Wiedikon
19283462,Witikon
19310604,Lindenhof
19359438,Wollishofen
19449226,Seebach
19596005,Weinegg
19618198,Sihlfeld
19668762,Mühlebach
19678667,Alt-Wiedikon
19743179,Albisrieden
19755371,Sihlfeld
19776405,Seefeld
19904561,Sihlfeld
19929239,Oberstrass
20020539,Rathaus
20025745,Seebach
20079919,Rathaus
20098001,Enge
20182402,Gewerbeschule
20216905,Rathaus
20246499,Wipkingen
20349682,Seefeld
20397857,Altstetten
20429590,Seefeld
20438205,Sihlfeld
20621446,Seebach
20636301,Gewerbeschule
20676422,Langstrasse
20779394,Alt-Wiedikon
20829919,Werd
20830377,Wollishofen
20977621,Höngg
20992774,Wipkingen
21109761,Fluntern
21170147,Wipkingen
21235902,Sihlfeld
21270657,Werd
21294062,Hard
21381593,Albisrieden
21466718,Hottingen
21468955,Altstetten
21497605,Wipkingen
21508610,Höngg
21542690,Witikon
21589639,Mühlebach
21590306,Mühlebach
21733471,Langstrasse
21760290,Unterstrass
21760542,Unterstrass
21761038,Seefeld
21764617,Oerlikon
21823543,Hard
21890929,Seefeld
21931545,Affoltern
22023471,Mühlebach
22137695,Hard
22245449,Unterstrass
22261444,Wollishofen
22280702,Wollishofen
22323761,Langstrasse
22364826,Oberstrass
22445392,Seefeld
22445642,Seefeld
22566124,Sihlfeld
22603157,Langstrasse
22607990,Unterstrass
22608055,Unterstrass
22608164,Affoltern
22608276,Affoltern
22608468,Affoltern
22608555,Affoltern
22608635,Affoltern
22608669,Affoltern
22608722,Affoltern
22609744,Affoltern
22609774,Affoltern
22609828,Affoltern
22609860,Affoltern
22609894,Affoltern
22609939,Affoltern
22609983,Affoltern
22610019,Affoltern
22611779,Affoltern
22612724,Seebach
22612904,Seebach
22613030,Seebach
22694368,Wollishofen
22756581,Hottingen
22778929,Wollishofen
22873221,Fluntern
22883252,Sihlfeld
23035346,Rathaus
23047265,Hard
23099204,Witikon
23322898,City
23323768,City
23324274,City
23325594,City
23356348,Seebach
23422713,Alt-Wiedikon
23424207,Alt-Wiedikon
23445727,Hard
23477793,Gewerbeschule
23492726,Hard
23532672,Altstetten
23621941,Mühlebach
23666044,Albisrieden
23738232,Werd
23867310,Hard
23868386,Hottingen
23890113,Unterstrass
24054809,Sihlfeld
24193619,Oerlikon
24256245,Alt-Wiedikon
24366384,Langstrasse
24433771,Höngg
24515415,Langstrasse
24566855,Gewerbeschule
24688807,Fluntern
24744786,Hottingen
24768262,Albisrieden
24787409,Wollishofen
24802237,Hirslanden
24878068,Weinegg
24878943,Höngg
24925488,Oerlikon
25072390,Hirslanden
25182723,Altstetten
25222128,Gewerbeschule
25272988,Altstetten
25405835,Hirslanden
25424250,Unterstrass
25436446,Altstetten
25651402,Seefeld
25716104,Langstrasse
25878304,Friesenberg
25995484,Oberstrass
26006157,Oberstrass
26046317,Seefeld
26195945,Rathaus
26223531,Hirslanden
26364880,Hottingen
26414826,Hottingen
26417842,Hottingen
26524803,Affoltern
26651254,Höngg
26702871,Wipkingen
26703120,Gewerbeschule
26703294,Hottingen
26812516,Enge
26954275,Enge
26954506,Alt-Wiedikon
27106373,Wipkingen
27130790,Sihlfeld
27144951,Seefeld
27151703,Alt-Wiedikon
27400610,Werd
27412907,Hard
27497241,Wipkingen
27519163,Seebach
27595070,Rathaus
27596262,Altstetten
27596263,Altstetten
27596264,Altstetten
27596266,Altstetten
27596267,Altstetten
27596269,Altstetten
27596270,Altstetten
27596271,Altstetten
27596273,Altstetten
27596274,Altstetten
27596275,Altstetten
27596279,Altstetten
27607825,Höngg
27655386,Oerlikon
27833401,Hirslanden
27841494,Altstetten
27890435,Affoltern
27894926,Saatlen
27898567,Fluntern
27913090,Gewerbeschule
27986363,Enge
28049209,Albisrieden
28061232,Unterstrass
28196760,Langstrasse
28234456,Seefeld
28272792,Fluntern
28284155,Langstrasse
28426226,Seefeld
28428989,Oerlikon
28445279,Seefeld
28484637,Wipkingen
28607214,Hottingen
28620125,Seefeld
28648431,Seebach
28652826,Unterstrass
28679682,Seefeld
28681766,Hottingen
28700460,Alt-Wiedikon
28701312,Seefeld
28727397,Altstetten
28766337,Mühlebach
28792518,Mühlebach
28848808,Affoltern
28884429,Seefeld
28909599,Seefeld
28944839,Fluntern
29009793,Weinegg
29050050,Seefeld
29142984,Sihlfeld
29150595,Friesenberg
29182814,Werd
29232857,Friesenberg
29247978,Friesenberg
29293306,Escher Wyss
29362212,Escher Wyss
29404842,Seefeld
29583087,Seefeld
29655342,Sihlfeld
29692684,Affoltern
29769890,Enge
29770166,Wollishofen
29926557,Alt-Wiedikon
29989383,Werd
29990461,Sihlfeld
29990566,Sihlfeld
29990656,Werd
29990728,Werd
30171704,Seefeld
30223460,Seebach
30239388,Hard
30396907,Alt-Wiedikon
30397124,Alt-Wiedikon
30415457,Hottingen
30686329,Langstrasse
30710753,Hard
30901675,Wollishofen
31327304,Oberstrass
31445961,Enge
31606785,Wipkingen
31658829,Alt-Wiedikon
31773907,Alt-Wiedikon
31917101,Gewerbeschule
32053770,Mühlebach
32087275,Mühlebach
32295519,Hirslanden
32309176,Wipkingen
32379048,Albisrieden
32441488,Langstrasse
32523536,Alt-Wiedikon
32585235,Witikon
32626611,Enge
32649111,Altstetten
32765207,Schwamendingen-Mitte
32825753,Oerlikon
32826455,Seebach
32880154,Enge
32957012,Altstetten
33059980,Oberstrass
33067330,Wollishofen
33085569,Escher Wyss
33148119,Mühlebach
33150798,Hochschulen
33152255,Hottingen
33182216,Oerlikon
33207907,Sihlfeld
33314423,Unterstrass
33326644,Sihlfeld
33360498,Fluntern
33465322,Seebach
33572316,Seebach
33740170,Seebach
33800187,Gewerbeschule
33820792,Langstrasse
33854276,Oberstrass
33993690,Höngg
34105681,Gewerbeschule
34283991,Rathaus
34300920,Affoltern
34411854,Gewerbeschule
34472705,Unterstrass
34571687,Alt-Wiedikon
34639342,Hirslanden
34678447,Hottingen
34743620,Gewerbeschule
34811356,Seefeld
34861647,Seefeld
34941952,Hottingen
34995176,Oberstrass
35025688,Witikon
35090572,Hard
35123328,Rathaus
35142524,Oerlikon
35174440,Oberstrass
35178707,Oberstrass
35179129,Unterstrass
35179702,Oberstrass
35180162,Oberstrass
35180437,Oberstrass
35180837,Oberstrass
35181180,Oberstrass
35181676,Oberstrass
35182110,Oberstrass
35182675,Oberstrass
35183779,Oberstrass
35184191,Oberstrass
35188032,Hottingen
35323413,Hard
35450377,Hard
35492554,Hottingen
35494092,Hottingen
35512110,Langstrasse
35527567,Albisrieden
35671028,Langstrasse
35831060,Lindenhof
35834410,Lindenhof
35835296,Lindenhof
35898365,Fluntern
36027682,Enge
36033611,Langstrasse
36088497,Langstrasse
36107157,Seefeld
36123934,Enge
36346490,Höngg
36404528,Hirzenbach
36415851,Hard
36477818,Alt-Wiedikon
36499071,Altstetten
36511553,Langstrasse
36578686,Langstrasse
36591868,Oberstrass
36596015,Witikon
36624110,Langstrasse
36716285,Langstrasse
36749316,Unterstrass
36908145,Oerlikon
36963314,Alt-Wiedikon
36963386,Sihlfeld
37087883,Alt-Wiedikon
37115599,Friesenberg
37173271,Seebach
37203344,Altstetten
37209318,Altstetten
37225240,Unterstrass
37389808,Oberstrass
37426680,Wipkingen
37478466,Höngg
37479435,Langstrasse
37559006,Wipkingen
37681856,Langstrasse
37683818,Mühlebach
37762897,Hard
37875606,Affoltern
37899561,Langstrasse
38141312,Langstrasse
38155146,Langstrasse
38250307,Unterstrass
38305596,Langstrasse
38354161,Höngg
38390111,Höngg
38400419,Altstetten
38499460,Altstetten
38534881,Gewerbeschule
38539804,Enge
38540843,Rathaus
38565876,Seefeld
38571091,Sihlfeld
38598780,Altstetten
38612417,Weinegg
38632424,Oerlikon
38632737,Oerlikon
38660605,Lindenhof
38686017,Hirslanden
38812298,Oerlikon
38925931,Oerlikon
39100482,Langstrasse
39111639,Witikon
39170245,Alt-Wiedikon
39171356,Witikon
39196674,Hard
39253680,Oerlikon
39334649,Höngg
39544991,Altstetten
39568194,Fluntern
39581430,Höngg
39587270,Enge
39600156,Fluntern
39651555,Wollishofen
39663692,Wollishofen
39828123,Hochschulen
39839466,Enge
39971447,Oerlikon
40046792,Wipkingen
40267895,Friesenberg
40321470,Langstrasse
40395216,Langstrasse
40544740,Enge
40572934,Enge
40579348,Enge
40580450,Enge
40582267,Enge
40582771,Enge
40607935,Escher Wyss
40728749,Unterstrass
40730880,Oerlikon
40730970,Langstrasse
40770131,Lindenhof
40770515,Lindenhof
40835483,Langstrasse
40855422,Lindenhof
41150515,Rathaus
41194564,Sihlfeld
41309079,Sihlfeld
41371724,Hottingen
41516267,Alt-Wiedikon
41543114,Oberstrass
41704969,Oerlikon
41773740,Alt-Wiedikon
41872839,Rathaus
41918857,Rathaus
41918871,Rathaus
42013211,Wollishofen
42087812,Seefeld
42088383,Seefeld
42103532,Seefeld
42103880,Seefeld
42125426,Lindenhof
42130984,Seefeld
42154938,Altstetten
42211593,Langstrasse
42218576,Altstetten
42240657,Altstetten
42243057,Altstetten
42268307,Witikon
42372562,Wollishofen
42443181,Albisrieden
42579959,Enge
42580336,Seefeld
42615747,Lindenhof
42709310,Fluntern
42748334,Hirslanden
42803662,Lindenhof
42823448,Altstetten
43033334,Langstrasse
43093051,Rathaus
43093457,Rathaus
43129826,Rathaus
43130528,Rathaus
43144750,Hochschulen
43146058,Rathaus
43200807,Seebach
43212796,Enge
43234382,Escher Wyss
43254900,Lindenhof
43292018,Oerlikon
43297164,Alt-Wiedikon
43310883,Enge
43314656,Sihlfeld
43322730,Sihlfeld
43359918,Albisrieden
43450418,Sihlfeld
43454703,Gewerbeschule
43464391,Altstetten
43466411,Seebach
43472201,Mühlebach
43480808,Seebach
43506588,Wipkingen
43531619,Wipkingen
43545390,Unterstrass
43599013,Seebach
43665293,Wipkingen
43672005,Alt-Wiedikon
43676444,Wipkingen
43683848,Wollishofen
43703654,Lindenhof
43737208,Wipkingen
43790602,Rathaus
43795464,Hottingen
43858959,Langstrasse
43863916,Höngg
43890786,Unterstrass
43894252,Mühlebach
43960977,Langstrasse
43997218,Hirslanden
44015667,Gewerbeschule
44044459,Albisrieden
44044463,Albisrieden
44057060,Unterstrass
44057622,Albisrieden
44057624,Albisrieden
44057627,Albisrieden
44057629,Albisrieden
44057631,Albisrieden
44057633,Albisrieden
44057634,Albisrieden
44057635,Albisrieden
44057636,Albisrieden
44114120,Hirzenbach
44146398,Enge
44208294,Unterstrass
44240562,Alt-Wiedikon
44317278,Oberstrass
44345295,Hard
44364625,Gewerbeschule
44431025,Oerlikon
44437445,Hottingen
44446318,Gewerbeschule
44446637,Gewerbeschule
44475804,Sihlfeld
44535383,Oerlikon
44601499,Sihlfeld
44643856,Wipkingen
44657382,Seefeld
44658767,Seefeld
44659394,Unterstrass
44724580,Wipkingen
44743369,Altstetten
44880334,Gewerbeschule
44956131,Hirslanden
45053235,Höngg
45053481,Höngg
45131081,Alt-Wiedikon
45131577,Wipkingen
45150591,Langstrasse
45248259,Langstrasse
45273502,Seefeld
45321292,Mühlebach
45389946,Enge
45432677,Seefeld
45432996,Seefeld
45433216,Unterstrass
45433374,Unterstrass
45433489,Unterstrass
45433604,Seefeld
45433715,Seefeld
45433840,Unterstrass
45437609,Hirslanden
45525628,Unterstrass
45525843,Unterstrass
45526177,Unterstrass
45541437,Lindenhof
45585448,Hirslanden
45636577,Oerlikon
45664571,Hochschulen
45681069,Seefeld
45701656,Rathaus
45746693,Seebach
45753821,Hottingen
45764126,Rathaus
45766108,Alt-Wiedikon
45780399,Langstrasse
45870795,Hirslanden
45874380,Affoltern
45879401,Seebach
45887289,Seefeld
45897807,Langstrasse
45920313,Lindenhof
45935492,Hochschulen
46019912,Werd
46073568,Langstrasse
46073709,Gewerbeschule
46112233,Altstetten
46115080,Langstrasse
46150507,Unterstrass
46168649,Sihlfeld
46215258,Hirslanden
46215566,Sihlfeld
46334838,Gewerbeschule
46369256,Unterstrass
46499390,Oerlikon
46524637,Wollishofen
46555663,Oerlikon
46613406,Escher Wyss
46615115,Oerlikon
46674681,Hard
46694814,Affoltern
46705800,Hirslanden
46722307,Langstrasse
46722687,Langstrasse
46728788,Unterstrass
46741041,Schwamendingen-Mitte
47094243,Altstetten
47096241,Mühlebach
47168882,Rathaus
47194028,Oberstrass
47232398,Seefeld
47303762,Unterstrass
47366473,Höngg
47393953,Gewerbeschule
47482478,Mühlebach
47514317,Sihlfeld
47557070,Rathaus
47589979,Witikon
47779546,Seefeld
47791522,Höngg
47812558,Sihlfeld
47857524,Seebach
47883170,Seebach
47946509,Altstetten
47975721,Hottingen
47985660,Weinegg
47987004,Rathaus
48022066,Langstrasse
48022280,Langstrasse
48048562,Höngg
48111383,Langstrasse
48143955,Altstetten
48320933,Altstetten
48372051,Sihlfeld
48409976,Unterstrass
48500731,Seebach
48656815,Wipkingen
48778345,Werd
48808760,Enge
48879374,Sihlfeld
49065017,Hirslanden
49068853,Alt-Wiedikon
49102259,Alt-Wiedikon
49201447,City
49339838,Unterstrass
49377008,Werd
49433949,Hottingen
49496447,Seebach
49500112,Höngg
49500654,Langstrasse
49500963,Höngg
49508900,Mühlebach
49527700,Weinegg
49587231,Höngg
49644994,Oerlikon
49685342,Wollishofen
49728271,Seebach
49807218,Wipkingen
49871533,Witikon
49920776,Altstetten
49929300,Werd
49938063,Altstetten
49942471,Werd
49956108,Altstetten
49981984,Witikon
50004085,Höngg
50050472,Rathaus
50101353,City
50131257,Hirslanden
50203904,Mühlebach
50219755,Alt-Wiedikon
50264238,Witikon
50297677,Unterstrass
50357188,Oerlikon
50388702,Unterstrass
50406606,Rathaus
50408999,Mühlebach
50414370,Witikon
50433489,Altstetten
50496017,Enge
50521276,Oberstrass
50582424,Langstrasse
50618312,Oerlikon
50631529,Höngg
50677733,Altstetten
50691075,Unterstrass
50721753,Unterstrass
50739017,Witikon
50743403,Sihlfeld
50768456,Hirslanden
50789124,Seebach
50806513,Unterstrass
50806853,Unterstrass
50812304,Langstrasse
50841814,Unterstrass
50882931,Rathaus
50886155,Albisrieden
50905553,Wollishofen
50967315,Höngg
51007218,Rathaus
51021138,Witikon
51021428,Witikon
51029999,Wipkingen
51040364,Gewerbeschule
51052280,Unterstrass
51064700,Rathaus
51099748,Weinegg
51123412,Sihlfeld
51134598,Oerlikon
51147408,Rathaus
51159237,Hard
51208685,Seefeld
51232908,Escher Wyss
51257976,Enge
51279609,Wollishofen
51415534,Unterstrass
51435506,Altstetten
51437849,Seefeld
51437870,Sihlfeld
51495698,Enge
51503972,Altstetten
51537265,Altstetten
51551928,Wollishofen
51588163,Weinegg
51698208,Schwamendingen-Mitte
51757637,Altstetten
51760091,Wipkingen
51760867,Gewerbeschule
51763508,Gewerbeschule
51764507,Gewerbeschule
51764508,Gewerbeschule
51764509,Gewerbeschule
51764511,Gewerbeschule
51764512,Gewerbeschule
51764513,Gewerbeschule
51764514,Gewerbeschule
51792113,Mühlebach
51898754,Friesenberg
51949710,Langstrasse
51994536,Hirzenbach
52080414,Seebach
52105457,Langstrasse
52121566,Langstrasse
52300060,Rathaus
52311609,Seebach
52314104,Gewerbeschule
52341711,Witikon
52360195,Sihlfeld
52433794,Oberstrass
52449648,Hard
52481919,Langstrasse
52491701,Witikon
52546817,Rathaus
52596197,Mühlebach
52663121,Hirzenbach
52754106,Hard
52824419,Alt-Wiedikon
52832623,Langstrasse
52849703,Rathaus
52877360,Langstrasse
52879087,Seefeld
52910357,Mühlebach
52945329,Oerlikon
52962903,Enge
53025594,Unterstrass
53103297,Oberstrass
53140361,Alt-Wiedikon
53164879,Rathaus
53167399,Wipkingen
53225151,Hottingen
53253600,Enge
53305756,Höngg
53306953,Unterstrass
53308677,Oerlikon
53326254,Enge
53333102,Gewerbeschule
53337681,Sihlfeld
53444216,Hard
53470049,Sihlfeld
53470490,Hirslanden
53636512,Hirslanden
53644357,Albisrieden
53730106,Albisrieden
53770609,Langstrasse
53804074,Oberstrass
53820070,Wollishofen
53839287,Werd
53857150,Seefeld
53873626,Alt-Wiedikon
53875757,Oerlikon
53877309,Seefeld
53879023,Wollishofen
53966197,Oerlikon
53971360,Mühlebach
53975416,Oerlikon
53975418,Oerlikon
54009704,Oerlikon
54012299,Oerlikon
54012373,Oerlikon
54030499,Oerlikon
54030514,Oerlikon
54116650,Unterstrass
54117648,Wollishofen
54153366,Sihlfeld
54196772,Gewerbeschule
54244320,Friesenberg
54290928,Oerlikon
54290937,Oerlikon
54306636,Oerlikon
54329374,Hottingen
54368874,Alt-Wiedikon
54403948,Hottingen
537803126344953148,Oberstrass
541926927389847045,Oerlikon
543368563574489208,Gewerbeschule
547087982971728334,Seebach
547578653703132865,Seebach
548595997989270591,Hirzenbach
549665422143102414,Gewerbeschule
551221363248313351,Unterstrass
551979651261017748,Langstrasse
552719518077438912,Unterstrass
554766730267752318,Langstrasse
556245598742535653,Friesenberg
558422101620654584,Langstrasse
561485600147224542,Unterstrass
563574040821276452,Sihlfeld
564099829029576833,Hirslanden
564216165769632389,Wipkingen
564922422065575393,Werd
566305751073543970,Langstrasse
567356657811110556,Unterstrass
567993118012044130,Alt-Wiedikon
568707206326908466,Oberstrass
569385070028558835,Sihlfeld
571689725226581323,Unterstrass
574315518365567777,Seebach
576558264235546348,Oerlikon
576745986485906233,Sihlfeld
576748573947061504,Witikon
576882718670997668,Sihlfeld
578001105444473594,Oerlikon
578278992170302067,Sihlfeld
579027196800062224,Langstrasse
579353330286903928,Sihlfeld
580040092966431144,Escher Wyss
581687469734958359,Oberstrass
583015218437056036,Oerlikon
587472971220835620,Hottingen
590568458431108696,Oberstrass
593818350900789862,Oerlikon
593882578574856038,Hard
596120655858111910,Seefeld
596993509818384268,Gewerbeschule
597113967696802812,Höngg
598468675153452910,Langstrasse
598510790872486016,Hottingen
599045269410451379,Wollishofen
599609062368738052,Hottingen
599974705648567963,Hard
601071894403005782,Unterstrass
601820637000876851,Seebach
602551672322761005,Alt-Wiedikon
602777194891984917,Enge
603312145820785542,Albisrieden
603366244501423524,Weinegg
604057800222565769,Altstetten
604791667764708746,Schwamendingen-Mitte
605348026859680346,Sihlfeld
607028504137988638,Affoltern
609187746656396937,Mühlebach
610476869049419611,Werd
611985594265099039,Friesenberg
612001841916872417,Friesenberg
612242658839153724,Weinegg
612810100807159979,Hirslanden
613557962134314623,Rathaus
614327726380741106,Oerlikon
614486919328611109,Seebach
617877133324898745,Gewerbeschule
623689536400609618,Oerlikon
625003817505777725,Hottingen
625004066446888455,Hottingen
625308568413006931,Weinegg
625675509638779342,Langstrasse
625787494656883308,Hirslanden
625844575516430759,Höngg
627439802355893050,Langstrasse
627897428289987644,Hirslanden
628240494009518206,Alt-Wiedikon
628680541563642961,Hottingen
628732495482460342,Enge
629344918768916138,Wollishofen
629348230450466207,Alt-Wiedikon
631729209385093367,Unterstrass
631735138751037667,Sihlfeld
634755771013249087,Weinegg
635180883508742035,Wollishofen
635847582156960192,Wollishofen
636843093676189035,Hirzenbach
638115605040484551,Alt-Wiedikon
638956856994404108,Höngg
639552371823475989,Friesenberg
640459963128505977,Werd
640569911466338377,Sihlfeld
641603523332446954,Hottingen
641669225606642004,Alt-Wiedikon
641706387948283914,Werd
642043926530639250,Hottingen
642773045565317307,Hirslanden
643107186638775793,Gewerbeschule
643144466012486636,Langstrasse
643224956121498372,Oberstrass
643329746956827737,Altstetten
643505173228078839,Rathaus
644871127740121764,Unterstrass
645360881517116011,Witikon
647620685779550941,Gewerbeschule
648371705076372206,Unterstrass
648550883783883063,Sihlfeld
649734080341470480,Wipkingen
649880284283413286,Gewerbeschule
650600857656979192,Unterstrass
651301259359743766,Mühlebach
651429069182274148,Wollishofen
653242063441501474,Schwamendingen-Mitte
653289196048895812,Escher Wyss
653297247567470950,Hirslanden
653297601716985479,Fluntern
654792868738733242,Sihlfeld
654839171732045096,Sihlfeld
655615107901625688,Enge
656457522550739365,Hard
656566836639646136,Wipkingen
658287952145617920,Alt-Wiedikon
659763931685136798,Seefeld
659935026967826590,Gewerbeschule
660106369008280245,Langstrasse
660784103631802845,Gewerbeschule
660894839421516998,Wipkingen
663491801611555670,Mühlebach
664302734942761891,Fluntern
665726304658077279,Friesenberg
665959521235052949,Altstetten
667356914073648220,Langstrasse
667796417135022470,Wipkingen
667937098712980310,Affoltern
668496661336591834,Hottingen
669593335160853235,Höngg
669920764669870929,Fluntern
670266764871814104,Enge
670354258321301852,Langstrasse
670594051190709597,Unterstrass
671610830278550400,Werd
671734164040624574,Saatlen
672204327674232576,Mühlebach
672329460874110009,Hard
673522463224022823,Hirslanden
674412358369660234,Sihlfeld
676117793477913440,Wollishofen
677199846049834555,Affoltern
677224688105371086,Friesenberg
678729338863376857,Wollishofen
680946017735070070,Enge
681012370246931440,Affoltern
681575212095543828,Wollishofen
681659439575161825,Sihlfeld
681670118780357633,Affoltern
681673011920283266,Seefeld
681675245808226964,Affoltern
684009284373405430,Enge
684477874638014953,Hottingen
685175805052866981,Alt-Wiedikon
685180336306331114,Werd
686712308211544890,Alt-Wiedikon
691171207906790092,Weinegg
693828242173862402,Rathaus
694124783083615242,Seefeld
696405849693210370,Escher Wyss
696933752500477412,Altstetten
698479731663794661,Hard
699673411237254039,Unterstrass
699704496367851435,Escher Wyss
700057416312452889,Gewerbeschule
700516594811549873,Alt-Wiedikon
700573254148512572,Oberstrass
703510591302281566,Sihlfeld
704034089852996781,Altstetten
704079167220025958,Affoltern
704113507187087111,Gewerbeschule
704438027736960894,Unterstrass
705719105096923965,Wollishofen
709361671005110186,Unterstrass
709716976587634109,Alt-Wiedikon
709903491914002220,Oerlikon
711946443398819819,Sihlfeld
712971189301598006,Langstrasse
714980616850803304,Wollishofen
715604932071806008,Altstetten
716380258943464821,Hochschulen
716444823779312887,Affoltern
716787524998977771,Rathaus
716792373237167973,Rathaus
716795868565487360,Rathaus
716799454625784108,Rathaus
716801931066684447,Hochschulen
717828191938180495,Wipkingen
718507288748372386,Gewerbeschule
718627994044543213,Oerlikon
718830068578098022,Hirslanden
718873462307507242,Rathaus
719623791595784437,Hochschulen
719870385842422507,Rathaus
720092458426634563,Sihlfeld
721009515699681310,Sihlfeld
721610415656222299,Altstetten
721635695758807601,Altstetten
722406234532861465,Oerlikon
722414784205602391,Höngg
723559163407903032,Hard
724460219492192816,Sihlfeld
724527063960169343,Hochschulen
725077309277634412,Enge
725249118903808110,Wollishofen
725363995464372922,Witikon
725797996385236322,Escher Wyss
726597781471413740,Altstetten
730090478725919720,Leimbach
730936538597960705,Weinegg
731759565624441590,Seefeld
733767515535572744,Gewerbeschule
733788052423392656,Langstrasse
735597608870312914,Höngg
738083328475898305,Unterstrass
739039447589071860,Sihlfeld
739126300918548100,Werd
739154001660172477,Oerlikon
739571627711709522,Leimbach
740268827990260895,Friesenberg
740269265468118188,Sihlfeld
741461900345748903,Gewerbeschule
741755576158997173,Enge
742967584627745608,Alt-Wiedikon
743372349924506137,Oerlikon
744014464111374057,Alt-Wiedikon
744182857386149756,Unterstrass
744189674376560543,Gewerbeschule
746258495944429875,Sihlfeld
746459942662300791,Altstetten
746944790960120566,Leimbach
751109784891223371,Weinegg
751287528191951046,Wollishofen
751379419923905342,Leimbach
751422446803301141,Hard
751845917489001312,Alt-Wiedikon
752700244931395185,Leimbach
752700650623233688,Sihlfeld
752700995491174738,Sihlfeld
752701261288857798,Sihlfeld
752701531274021472,Sihlfeld
752701783438571970,Sihlfeld
752702056814108872,Sihlfeld
752797169391904112,Oerlikon
753523240882398688,Hard
754889672438726674,Sihlfeld
755813814430517636,Enge
756452840069052781,Unterstrass
757113823094960105,Sihlfeld
757668779179052466,Hottingen
757743241288167717,Sihlfeld
757808596296685265,Wollishofen
759366390787258076,Witikon
760108029517135003,Unterstrass
761544444376051217,Alt-Wiedikon
762135776495249165,Leimbach
763485942216974435,Langstrasse
765686312018529593,Sihlfeld
765686860159689065,Wollishofen
766353282665001147,Hard
766356667639924809,Hard
767466007284734204,Altstetten
768243498203790860,Alt-Wiedikon
770006779660182625,Sihlfeld
770915187791627937,Hottingen
770963155924489071,Hard
771546707632391020,Sihlfeld
771555434865887526,Sihlfeld
771643615601051248,Sihlfeld
772321988629779898,Altstetten
776769647793613775,Hottingen
776852055247184013,Altstetten
777209437923941352,Seebach
777503603708259161,Höngg
777654484577879621,Alt-Wiedikon
778175133667614135,Wollishofen
778779352177391592,Alt-Wiedikon
779528252156872024,Sihlfeld
779539271509520587,Escher Wyss
780357074082183071,Oerlikon
780410031196887110,Gewerbeschule
780458540827196394,Sihlfeld
780917244283391530,Hottingen
781260982411449593,Weinegg
782447707656145356,Langstrasse
782769077802230825,Rathaus
784790506221484152,Alt-Wiedikon
785317667669306495,Langstrasse
786125923672610340,Oberstrass
786202348634319894,Seebach
786685202596686541,Alt-Wiedikon
787455250433138425,Sihlfeld
787469846025806189,Sihlfeld
787474880019798301,Sihlfeld
787507603435676718,Sihlfeld
787512131895007332,Sihlfeld
787515150552579820,Sihlfeld
787518985380585102,Fluntern
787584214704321805,Sihlfeld
787811471184291124,Enge
788269848972609635,Altstetten
789865589424773562,Witikon
791147078481973687,Sihlfeld
791258865978979136,Oberstrass
791692983929024479,Friesenberg
791696165593279739,Altstetten
792481244037376760,Hottingen
793331833337837435,Sihlfeld
793885972392464384,Witikon
793901633555600823,Gewerbeschule
795455372759094505,Hard
796083757497918835,Friesenberg
796155553016388784,Enge
796312598977684326,Escher Wyss
796872561612346828,Sihlfeld
797575777508179682,Langstrasse
797663636479617672,Langstrasse
797672457202738457,Langstrasse
798205443246657580,Altstetten
799016018902809662,Oerlikon
799287406768677423,Sihlfeld
799676965040111007,Langstrasse
799750007761030919,Enge
799912856522276280,Alt-Wiedikon
800719670974969387,Sihlfeld
801360818468304522,Alt-Wiedikon
801866305812779717,Rathaus
801891962420139241,Oerlikon
802224120685951447,Unterstrass
802805902156427365,Sihlfeld
803673423933970692,Witikon
804076111518272770,Alt-Wiedikon
805473485676239110,Seebach
806988462303303035,Enge
807673500411077145,Langstrasse
807687294713917562,Mühlebach
808365033574156284,Sihlfeld
808369565226483782,Sihlfeld
809441668318244477,Enge
810280833409217393,Witikon
810740689169989959,Rathaus
810778436489156487,Sihlfeld
812041505324942078,Höngg
812356569172133661,Unterstrass
813360337250214922,Unterstrass
816009663595526391,Sihlfeld
816348246914256969,Hirzenbach
816647174110717748,Alt-Wiedikon
817102607576099385,Altstetten
817107133974991428,Altstetten
817110156096913535,Altstetten
817112168140246105,Altstetten
817195721254209248,Altstetten
817853277392914355,Friesenberg
817870522818967259,Sihlfeld
818534542045129353,Sihlfeld
822200195974178752,Altstetten
822449969651083387,Wollishofen
823926119878115850,Gewerbeschule
824289034935505361,Sihlfeld
825397924032575462,Werd
826559073027703243,Gewerbeschule
827268614586080000,Seefeld
827558458176105861,Sihlfeld
827773376272531501,Enge
827986037136810696,Sihlfeld
828153919418355293,Seebach
828179479306496732,Albisrieden
828867656680762472,Alt-Wiedikon
829420766709616396,Altstetten
829534037718694776,Sihlfeld
829810160896451878,Sihlfeld
830173842208584712,Albisrieden
830402342617740629,Langstrasse
830929329029177055,Wipkingen
831003945988728940,Oerlikon
831010255437719912,Escher Wyss
831146976155513561,Höngg
831973892184663557,Rathaus
833062379261846735,Sihlfeld
834172569237871335,Enge
834935368984865069,Saatlen
835481714246032290,Hochschulen
835625025024303651,Rathaus
836310892179046027,Hirzenbach
839220293814380007,Unterstrass
840364585999374089,Langstrasse
840506077252504427,Langstrasse
841091757250001536,Altstetten
841109685194952934,Altstetten
841120502500902193,Altstetten
841182463481618980,Altstetten
841258749433274419,Höngg
841865455074739199,Sihlfeld
842430987733026875,Oerlikon
842452180459549348,Oerlikon
842783808030546755,Langstrasse
845489255964719964,Weinegg
851850848252849624,Hirslanden
851877560051711265,Hirslanden
851895118288393619,Hirslanden
852950965999811554,Escher Wyss
854762720507179055,Albisrieden
854939687703678144,Gewerbeschule
855149712546022346,Wollishofen
855711311651562351,Seefeld
856506414058519661,Enge
857181341694977736,Seefeld
857706169899505697,Mühlebach
857757268178759399,Affoltern
857853127012377268,Unterstrass
857946394426398001,Unterstrass
859122441664363969,Hottingen
859181370326429923,Weinegg
859259613311079552,Fluntern
859821205109771570,Langstrasse
860669329105045849,Langstrasse
860823521329212488,Rathaus
862941944829617942,Friesenberg
863055096646489906,Hard
866764058389012250,Unterstrass
867077410461411002,Sihlfeld
867088379831339905,Sihlfeld
867096473686561120,Werd
867114919829948530,Sihlfeld
867122996178576221,Hard
867126885463955224,Albisrieden
869261422741466411,Lindenhof
871071794845644862,Hard
871569367098563199,Werd
872343712931267300,Mühlebach
872521064940552667,Oerlikon
873117844498595674,Hirslanden
873352562306241777,Affoltern
873724659294392413,Hottingen
874394306908557135,Altstetten
876012602984828916,Weinegg
876111617817116087,Werd
876637964512870414,Sihlfeld
877428904150484741,Unterstrass
878003903876354172,Unterstrass
878026895426691607,Seebach
878281922203565883,Hochschulen
878299710311801436,Hard
878681003524206323,Wollishofen
881622378017787461,Weinegg
881690290835335197,Altstetten
883752842761390254,Unterstrass
883805841039600250,Unterstrass
883822562499681135,Unterstrass
883840255220390833,Unterstrass
884481719432232189,Sihlfeld
885227334071225766,Witikon
885331914157039751,Mühlebach
886254237493082323,Weinegg
886997709762276529,Unterstrass
887028830601660701,Hard
887323336908333599,Albisrieden
887355391301981871,Seebach
888262845307964317,Langstrasse
888275394125377304,Sihlfeld
888309544518575693,Weinegg
888340297679251668,Weinegg
888340299922627619,Weinegg
888340313344548148,Weinegg
888340634386991793,Weinegg
888340640432401741,Weinegg
888340678306710579,Weinegg
888340807316306636,Weinegg
888341691372485180,Hirslanden
888341905942818073,Weinegg
888341946665996589,Weinegg
889006772248290989,Altstetten
889075737863900334,Hirslanden
889075777409901421,Hirslanden
889457239512430257,Unterstrass
889889984575318825,Unterstrass
891141437620891014,Langstrasse
893155018666068269,Unterstrass
894281545341145578,Oerlikon
895493074447184134,Hard
896279820069865923,Witikon
898534458183614760,Oerlikon
898803289581533441,Werd
898803294461571982,Werd
898803298900946366,Werd
899300235453535541,Altstetten
900444146921410444,Langstrasse
904070939793011929,Altstetten
906982322935227808,Hard
907692052540877523,Oerlikon
908669225511385777,Altstetten
908694206433403410,Rathaus
908732840710537310,Oerlikon
909882225277381494,Mühlebach
909882459159828759,Escher Wyss
912227226993533036,Wipkingen
912751390402811880,Höngg
913549863056235097,Albisrieden
914424410638034221,Mühlebach
915199775832888633,Wollishofen
916679701844054459,Wipkingen
917237717257474918,Werd
917243256870580397,Werd
917861021749645073,Hottingen
918213971431815706,Hard
918586022096296699,Mühlebach
919687481995644072,Altstetten
919979992633903069,Alt-Wiedikon
920105649817396195,Fluntern
921019292686739301,Weinegg
921084220429937150,Hard
922114851778345926,Oerlikon
922209694349397369,Hirslanden
922242417175016272,Höngg
922508907322236967,Werd
922558773455165996,Escher Wyss
923299937789589999,Langstrasse
923790290997643212,Mühlebach
924295993691767653,Enge
924313237314090102,Oberstrass
925369942049702239,Langstrasse
925759985991256258,Hirzenbach
925814836243591119,Oerlikon
926530118895050180,Enge
926633762770079091,Weinegg
926894212969592164,Albisrieden
927094881257317705,Werd
927099274455108509,Werd
927229037901012266,Witikon
927348972041408988,Weinegg
927404410416837780,Seebach
928343155399880578,Oerlikon
928811439229517808,Wipkingen
929395123816126361,Rathaus
929430258063594554,Rathaus
929488147325173544,Leimbach
929489135547185647,Hottingen
930310946124713755,Höngg
930425975482624633,Weinegg
931016599689763225,Wipkingen
931754496616036461,Oberstrass
932252992023662808,Unterstrass
932988738885937859,Wollishofen
932992387327361528,Rathaus
933946244971350863,Sihlfeld
934064054528080186,Fluntern
937575075386386458,Unterstrass
938068589364582436,Oerlikon
938815084040238480,Hard
938840431076486177,Langstrasse
939666088772222280,Höngg
941938190211119624,Hirzenbach
941938404056199881,Rathaus
942043391748309579,Altstetten
942071066334101481,Höngg
942503910122362662,Alt-Wiedikon
942559068923119797,Weinegg
942679242455999188,Langstrasse
943498399656724170,Enge
943911436085649226,Langstrasse
944560635273309055,Saatlen
944841423325467645,Langstrasse
945531834722531602,Fluntern
946438405463826389,Seebach
947722797333998357,Wollishofen
949744118931073034,Wollishofen
949908407493176827,Hard
950418440252207652,Langstrasse
950434633264714802,Oerlikon
950814691117092104,Seefeld
951987963732341575,Hottingen
952200432276378977,Schwamendingen-Mitte
952660223249417727,Altstetten
953704399405069596,Wollishofen
954365190238047155,Sihlfeld
954829028338762829,Hard
955912118776625536,Weinegg
957657984159361987,Sihlfeld
957824903618429588,Wipkingen
959239097381194889,Langstrasse
959412686105659157,Werd
959868847871773494,Altstetten
960535241086478575,Affoltern
960588291607199649,Altstetten
960882104773669135,Wollishofen
961533976447324358,Witikon
962842085546555219,Escher Wyss
963113252638375359,Alt-Wiedikon
963862868453454381,Oberstrass
965025426678599412,Sihlfeld
965132414975083661,Enge
965772161413387964,Enge
965777574152812653,Rathaus
965794941111908198,Enge
965832114596870590,Enge
965873553938384244,Seefeld
966374660589024718,Hard
967300257433800192,Altstetten
967336471861433651,Hard
968602908824777357,Enge
968692154385492406,Enge
968779970086000401,Seefeld
970706346582006969,Enge
970719759680234618,Enge
970725830571687661,Enge
970822071451237681,Wollishofen
970914111501499095,Friesenberg
971044998969142150,Gewerbeschule
971439457301333572,Wollishofen
971594002365326792,Langstrasse
971798616964147854,Langstrasse
972138808238792311,Wipkingen
972479583941478620,Wipkingen
973345225480743807,Fluntern
973696443380646164,Seefeld
973796129595386560,Albisrieden
973822277845094114,Friesenberg
973822654428808574,Friesenberg
973824793228228642,Friesenberg
973825111816271646,Friesenberg
973825477658390268,Friesenberg
973825794281120821,Friesenberg
973826160401831401,Friesenberg
974095777324733833,Hirslanden
974598935275418456,Langstrasse
974715669040646715,Enge
975242261185836482,Weinegg
976199247820636323,Langstrasse
976708124121149704,Rathaus
977471916472716735,Langstrasse
978933502539684194,Friesenberg
978933830747853849,Friesenberg
978934193816991598,Friesenberg
979812162034353530,Weinegg
980245591651988920,Lindenhof
980400017124219470,Hottingen
980402165513408092,Weinegg
980991695704452564,Seebach
981628303230540122,Witikon
981936319999212356,Enge
982286341931169722,Sihlfeld
983111136001177867,Sihlfeld
983863580177679534,Oberstrass
984616989517243450,Fluntern
985372231421545692,Unterstrass
986036241996558550,Langstrasse
986894241638340320,Gewerbeschule
987599465382868246,Langstrasse
987716165066422948,Seebach
988294955859257167,Hirslanden
988315692261713338,Hirslanden
990467950418927342,Enge
990632404186441009,Langstrasse
992532017161789206,Sihlfeld
992669368353495434,Seebach
994048559648510140,Wipkingen
994134367742005114,Oerlikon
994142848310228268,Oerlikon
994891477187307476,Weinegg
994912198728251302,Weinegg
995402919284608985,Seebach
995496372746320927,Mühlebach
996202946473512721,Sihlfeld
996833831301987325,Fluntern
996892060300703285,Hirslanden
997001516369889118,Enge
998316997467798765,Sihlfeld
999039430666427190,Werd
999100351248035456,Hard
999386179155200596,Enge
999928152063049842,Langstrasse
1000301146876218940,Altstetten
1001320472595958830,Seebach
1002089558843329485,Altstetten
1002295510314863679,Wollishofen
1003440524246525000,Enge
1003458880729932334,Oberstrass
1003686839375670840,Oerlikon
1004148098822667313,Enge
1004417989758418727,Sihlfeld
1005025880834750093,Hirslanden
1005106829643992147,Höngg
1005660661486068486,Oberstrass
1006366905232840791,Alt-Wiedikon
1007157864915109586,Alt-Wiedikon
1007218554104331034,Alt-Wiedikon
1007285226734233568,Oerlikon
1008073634795624321,Oerlikon
1008509789976589165,Oerlikon
1008541685627014401,Oberstrass
1010784072066411165,Langstrasse
1011469602867276664,City
1012120964702329726,Rathaus
1012344283253130814,Oerlikon
1013475344748328445,Alt-Wiedikon
1013531268141209679,Altstetten
1013904706594317847,Friesenberg
1014236521245893210,Seebach
1014891352344372127,Wollishofen
1015274312893537526,Hard
1015386354272842660,Altstetten
1015556266826825255,Altstetten
1015556645273882415,Altstetten
1015559287001951455,Altstetten
1015811749301784365,Hard
1015811880105348910,Hard
1016678397999599865,Langstrasse
1017180158142499649,Schwamendingen-Mitte
1017372655981897731,Sihlfeld
1018002205712871998,Wipkingen
1018055803903900739,Hirslanden
1019395099549040026,Sihlfeld
1020050647582511342,Oberstrass
1020113726768661325,Wollishofen
1020786077454503533,Oerlikon
1020962962359420573,Fluntern
1021523957746787398,Hirslanden
1021537454386932693,Alt-Wiedikon
1022652083600817569,Hard
1022896634414576636,Unterstrass
1022957108219903556,Seebach
1023271067336690245,Schwamendingen-Mitte
1023595339847225245,Oberstrass
1023914337208790785,Altstetten
1024034984807689124,Sihlfeld
1024047879078263896,Sihlfeld
1024059169079550886,Sihlfeld
1024467972844172953,Höngg
1024500419576875012,Höngg
1025881991724832677,Mühlebach
1025920819341215075,Sihlfeld
1026674027836526710,Alt-Wiedikon
1028042934408380310,Seebach
1028134450181795036,Affoltern
1028797989385388693,Sihlfeld
1029650793095032337,Hirslanden
1029678068860825601,Hirslanden
1030136300895717374,Unterstrass
1030269442556536532,Seebach
1030468640706430341,Alt-Wiedikon
1030562747493246300,Langstrasse
1031613355944412380,Weinegg
1033132085803812480,Altstetten
1033221791083292013,Altstetten
1033361597540638754,Langstrasse
1033947306138643369,Hochschulen
1034169446703768717,Sihlfeld
1034583645341953806,Enge
1036347479244231274,Affoltern
1036370735840674245,Seebach
1036850798381206910,Hard
1036907730334393281,Enge
1037481994246318563,Alt-Wiedikon
1037623657569677140,Oerlikon
1038249309870206251,Albisrieden
1038362754098633532,Albisrieden
1038437041525299903,Sihlfeld
1038485119889689068,Oerlikon
1038533605441117872,Altstetten
1038542865619833345,Werd
1038862807395965046,Witikon
1039784472114293938,Höngg
1039821168916260199,Wipkingen
1039981776877444033,Albisrieden
1040520308711731984,Altstetten
1040983842976153791,Höngg
1041231063653836522,Mühlebach
1044006576529555929,Weinegg
1044264572954472377,Enge
1044812044239500257,Seebach
1044906947423716407,Langstrasse
1045403962548102293,Werd
1046303969039598269,Oberstrass
1047024288876535162,Seefeld
1047072671042838474,Mühlebach
1047767922613145683,Sihlfeld
1047786868760736508,Mühlebach
1047837378777791990,Seefeld
1047876252571293525,Unterstrass
1047898948260468980,Unterstrass
1049048167921823348,Wollishofen
1049825983134449600,Gewerbeschule
1049949486983663346,Wollishofen
1050383145419756567,Gewerbeschule
1050523647010554276,Enge
1050621868993417417,Wollishofen
1052073363943783011,Alt-Wiedikon
1053487207409750676,Hard
1053787233741533365,Enge
1055620358638272070,Wollishofen
1055717439112507626,Wollishofen
1055888687482667219,Hirslanden
1055922821544654390,Altstetten
1056361548858762389,Weinegg
1056390815922151004,Weinegg
1057412019452888434,Alt-Wiedikon
1057987655907647871,Schwamendingen-Mitte
1058047135754232978,Enge
1058065778752864527,Wollishofen
1058490622107353140,Hard
1059526005569076833,Oerlikon
1060034047889613732,Höngg
1061539587987446181,Mühlebach
1062187031787993664,Enge
1062226268819064140,Sihlfeld
1062293585839672570,Unterstrass
1062906303017502787,Sihlfeld
1062909130574073757,Seebach
1064379088702314167,Mühlebach
1064575664730318494,Wipkingen
1065852557820317921,Altstetten
1065861157507256276,Altstetten
1065864298469850158,Altstetten
1065866194952890422,Altstetten
1065867935663652640,Altstetten
1066381516861186891,Altstetten
1066455320121609783,Altstetten
1067160300508136140,Wipkingen
1067160752194589028,Wipkingen
1067161054690364840,Hard
1067161910397657849,Enge
1067255504626066560,Seebach
1068756452382335929,Seebach
1068791451511668004,Weinegg
1069248626800655497,Unterstrass
1069424757462308096,Unterstrass
1069426801796001513,Albisrieden
1069667276421808005,Langstrasse
1070043802513544765,Alt-Wiedikon
1070933728899653449,City
1071511744428000707,Sihlfeld
1071526798805338733,Sihlfeld
1071940997923120868,Alt-Wiedikon
1072603252203280627,Wipkingen
1073154131303655567,Alt-Wiedikon
1073342003167011250,Unterstrass
1073773331845898734,Escher Wyss
1074437468588142466,Sihlfeld
1075275614999134532,Unterstrass
1075447730629180186,Oerlikon
1075841516204136596,Wipkingen
1076031665924709038,Oberstrass
1076561260082224610,Mühlebach
1076607595952604342,Seefeld
1076607683017936080,Oberstrass
1077481629998760931,Weinegg
1078151399518599226,Langstrasse
1079627080504738425,Unterstrass
1080356734307388909,Unterstrass
1080362577829341548,Unterstrass
1080364170671118367,Unterstrass
1080365162241144118,Unterstrass
1080371356518758794,Unterstrass
1080373869746027990,Unterstrass
1080374655754472520,Unterstrass
1080375444971036349,Unterstrass
1080376410548594524,Unterstrass
1080377224629759036,Unterstrass
1080385724329505328,Unterstrass
1080386721812323867,Unterstrass
1080389723910885737,Unterstrass
1081153469703180828,Unterstrass
1081288320198755453,Weinegg
1082306520757618949,Enge
1082941224432174607,Sihlfeld
1083200263166096179,Sihlfeld
1083478151738768874,Alt-Wiedikon
1084152642880255251,Alt-Wiedikon
1084974927647434374,Gewerbeschule
1085364647506804269,Wollishofen
1086007016861414052,Sihlfeld
1086007020093417463,Sihlfeld
1086197506850002284,Sihlfeld
1087141985466942659,Sihlfeld
1087194554218655455,Höngg
1088112872132511372,Langstrasse
1089006581666735722,Witikon
1090001258790414437,Hard
1090467938620153379,Fluntern
1090585527249773044,Werd
1091103567872054876,Enge
1091348286757900922,Langstrasse
1093344293204030859,Unterstrass
1095501556175033618,Unterstrass
1096328878798015848,Hottingen
1096909504466864624,Sihlfeld
1096969464471664177,Höngg
1099205029913245593,Friesenberg
1099219769793288545,Unterstrass
1099251979615122944,Hochschulen
1099334065912981764,Hochschulen
1099353728155487043,Hottingen
1100602471808616311,Altstetten
1100646566321313547,Oerlikon
1104420943291938365,Oberstrass
1104854182221034007,Wipkingen
1105720502346877096,Wipkingen
1105788300879334380,Sihlfeld
1105907058316206056,Wipkingen
1107737437082543654,Rathaus
1109223643975301215,Altstetten
1109233107347836238,Langstrasse
1109254843734049531,Altstetten
1109459498525815161,Seefeld
1109536401198427853,Sihlfeld
1110046320516809952,Weinegg
1110180030458360460,Rathaus
1110597481439318846,Sihlfeld
1110773468586420617,Affoltern
1110781339767005567,Affoltern
1111052040692425126,Oerlikon
1111351393862896651,Langstrasse
1111540909071488624,Mühlebach
1111619375901704180,Hard
1111840263266212292,Sihlfeld
1112782621246185315,Alt-Wiedikon
1112909012854600340,Enge
1113105733496722588,Albisrieden
1113632457447464841,Langstrasse
1113774205494762701,Fluntern
1114503194643592681,Hottingen
1114527581245147398,Hottingen
1114532101632799702,Hottingen
1114561957367016928,Seebach
1115154631828835298,Rathaus
1115221823644314395,Fluntern
1115359737883601596,Hard
1115644068624929675,Hard
1115742421728965172,Unterstrass
1115929213559318912,Hirzenbach
1116412397509447583,Lindenhof
1116560642699102552,Sihlfeld
1117485613867699064,Hard
1117515911255186367,Sihlfeld
1117572287508602009,Albisrieden
1117964432664728035,Wipkingen
1118244243395629749,Lindenhof
1118246920664180886,Lindenhof
1118298080690170780,Sihlfeld
1118665560754930229,Höngg
1119640164109413293,Höngg
1120144716828034996,Enge
1120934824940345706,Hochschulen
1121003102285499849,Wipkingen
1121006079796743628,Hochschulen
1121156872424979340,Hochschulen
1121161811639150912,Hochschulen
1121517902399963078,Oerlikon
1121629711054036802,Hard
1123030839496378489,Sihlfeld
1123702487962688203,Affoltern
1125298587843717820,Unterstrass
1125300969273352136,Langstrasse
1125421283731646093,Sihlfeld
1125527094939887119,Seefeld
1126637212154776710,Wipkingen
1127361249713480539,Sihlfeld
1127392445554230146,Wollishofen
1127486098041260657,Gewerbeschule
1127602805955148512,Oerlikon
1127700263137400189,Sihlfeld
1128064905360899187,Unterstrass
1128194977640136351,Mühlebach
1128389820083587588,Rathaus
1128404290254972817,Hard
1129186436954304347,Hard
1129756796149622244,Mühlebach
1129800805695716463,Langstrasse
1130367391482473641,Seebach
1130440879435463336,Wollishofen
1131599809322844889,Hard
1131778585487639551,Sihlfeld
1131778831616566911,Sihlfeld
1131779111238071331,Sihlfeld
1131779412259865150,Sihlfeld
1131780596161755487,Leimbach
1134039414566735416,Rathaus
1134587441783135744,Höngg
1134638044276253230,Mühlebach
1136021225926033231,Rathaus
1136535121568205542,Hard
1136748665611650888,Seebach
1136920916371783777,Mühlebach
1136949216140954932,Rathaus
1137017118871545773,Lindenhof
1137676498166692246,Mühlebach
1138498635029076634,Rathaus
1138519248574630627,Rathaus
1139906946681618413,Seefeld
1140004304957578486,Langstrasse
1141068131776436118,Enge
1141149070162176508,Leimbach
1142563840814029664,Gewerbeschule
1144222884154051995,Lindenhof
1144282300903231904,Langstrasse
1144955364362114974,Hochschulen
1144964235398138975,Hochschulen
1145350036476701704,Mühlebach
1145352754712527630,Altstetten
1145433135014419943,Lindenhof
1145439231811845144,Weinegg
1145453272771863705,Alt-Wiedikon
1145623668981318061,Wipkingen
1145833105776927070,Sihlfeld
1146182212247886377,Alt-Wiedikon
1146343115672020224,Oberstrass
1146429053566148118,Unterstrass
1147229433785589900,Unterstrass
1147248583047861619,Altstetten
1147667894819610448,Wipkingen
1147684559471123654,Sihlfeld
1148293530766466528,Sihlfeld
1149716250647134533,Höngg
1149733365675119505,Weinegg
1149734567826040095,Alt-Wiedikon
1150619606693659452,Sihlfeld
1152154565630586592,Oberstrass
1155926321095915409,Sihlfeld
1156537039362573099,Langstrasse
1158640934322935237,Enge
1158703683194834888,Rathaus
1159108461044860277,Seebach
1159313067199212228,Wollishofen
1159398121769224819,Affoltern
1160955587478435431,Seebach
1160972060237844024,Seebach
1160985872573170849,Seebach
1161320552083116594,Lindenhof
1162020926832406169,Sihlfeld
1162125355867856258,Höngg
1162342115535138785,Langstrasse
1163673559973909414,Friesenberg
1164415523821283112,Hirslanden
1165412006366231768,Alt-Wiedikon
1166465730705114826,Höngg
1166629117632205691,Seebach
1166714156588596019,Werd
1167126015385891595,Enge
1167126356541158030,Unterstrass
1167126655181514335,Seefeld
1167260147413216021,Altstetten
1167344530279646224,Oberstrass
1167847112150736412,Rathaus
1167847256638577971,Rathaus
1168196576469592433,Werd
1168278591033652735,Wipkingen
1169224799097887576,Albisrieden
1169413424365979407,Langstrasse
1169621235653067351,Langstrasse
1170390685243522082,Wollishofen
1171573613804385238,Unterstrass
1171611536068095445,Seebach
1171648781593102544,Hard
1171879492281441209,Alt-Wiedikon
1172180921919823425,Enge
1172932686812476085,Alt-Wiedikon
1173148632440596703,Unterstrass
1173187086718811596,Unterstrass
1173777657920296898,Enge
1173780376706070371,Wipkingen
1173891575526671392,Weinegg
1174067952451128140,Seebach
1174493919352217296,Unterstrass
1174525811887374145,Unterstrass
1174595414309736429,Mühlebach
1174643056974114020,Wollishofen
1174663945113092382,Rathaus
1175277221765976065,Hard
1175324228592636196,Alt-Wiedikon
1175334274635725255,Alt-Wiedikon
1175464796423154107,Alt-Wiedikon
1175931249871599478,Leimbach
1176813416936440463,Mühlebach
1176878538805266347,Seebach
1176933092998181078,Fluntern
1176963548406640814,Seebach
1176985428847535014,Seebach
1177498062982581065,Altstetten
1177511448831408787,Rathaus
1177623810887855632,Gewerbeschule
1178683328752019076,Unterstrass
1178714421579593210,Unterstrass
1178823140205505776,Hochschulen
1178852331605912487,Unterstrass
1179690220066052639,Alt-Wiedikon
1180120277035740326,Gewerbeschule
1180199926982425852,Unterstrass
1180998822810618544,Witikon
1181105188663792807,Unterstrass
1181106754440500078,Unterstrass
1181119110166236141,Unterstrass
1181152475439117989,Wollishofen
1181165176792234241,Mühlebach
1181567780676757401,Hottingen
1181825342154526186,Weinegg
1181825801718056455,Weinegg
1181826144318273098,Weinegg
1182266703249064344,Lindenhof
1182354298470554239,Gewerbeschule
1182602232475028044,Witikon
1182682880677101430,Alt-Wiedikon
1183178574314342240,Fluntern
1183281509877530111,Hirslanden
1183744765007070038,Altstetten
1183901878591652612,Hard
1183998699880134247,Seefeld
1184003724596863641,Unterstrass
1184042944660357426,Sihlfeld
1184226716960572531,Mühlebach
1184447185162076608,Affoltern
1184833706734365266,Wollishofen
1184871634900095700,Unterstrass
1184885773414525017,Albisrieden
1185285791918824752,Altstetten
1185367549801461766,Alt-Wiedikon
1185649598941673715,Höngg
1185993932203802457,Mühlebach
1186080154286857500,Wollishofen
1186128206877571208,Mühlebach
1186190658802128748,Seebach
1186273485380482536,Seebach
1186576210941026854,Enge
1186620456882652455,Wipkingen
1186735976238979026,Oerlikon
1186746089770645598,Sihlfeld
1186801755051762056,Langstrasse
1186966125522331333,Sihlfeld
1186988117751181244,Seebach
1187414021414560727,Sihlfeld
1187478911382412887,Wipkingen
1187535940386521005,Seebach
1187660325999531164,Altstetten
1187745268117133532,Mühlebach
1187836238658953479,Seefeld
1188213818744931089,Seebach
1188364329894041518,Wollishofen
1188377801897966377,Sihlfeld
1188573167768952290,Seefeld
1188957107227008846,Wipkingen
1188976617344110550,Sihlfeld
1189098452732513293,Oerlikon
1189628875080445077,Albisrieden
1189829020219878342,Enge
1189960666694066757,Höngg
1190376088578038095,Höngg
1190405613445870713,Gewerbeschule
1190588077484491329,Fluntern
1190644154278030598,Alt-Wiedikon
1190938914194932346,Sihlfeld
1191092025381803171,Wipkingen
1191118836122682079,Sihlfeld
1191178139935523220,Wipkingen
1191202539586206900,Wipkingen
1191334144424804819,Sihlfeld
1191406633005602491,Enge
1191906289338753901,Seebach
1192112381017097085,Sihlfeld
1192517565915023121,Albisrieden
1192574659040212106,Altstetten
1192581034464551462,Sihlfeld
1192702643204372405,Altstetten
1192755944957127366,Hard
1192793812266356598,Oberstrass
1192850011070635727,Hottingen
1192857815059091323,Mühlebach
1193570648112528216,Altstetten
1194083695404787575,Enge
1194093689062120129,Hochschulen
1194208321158943130,Unterstrass
1194300655940160085,Schwamendingen-Mitte
1194628509673816203,Sihlfeld
1194738218461375432,Altstetten
1194783567690945185,Sihlfeld
1194835938035511585,Hard
1194871776075899021,Werd
1194945320752673250,Hard
1195048572613797371,Altstetten
1195049612954620513,Altstetten
1195055386143212963,Unterstrass
1195555849888765680,Weinegg
1195630937856098426,Langstrasse
1195675105698352845,Oberstrass
1195822035453889669,Sihlfeld
1196095170946844887,Wipkingen
1196098353223225779,Friesenberg
1196313532900301135,Hard
1196520172381418943,Unterstrass
1196823946552148982,Leimbach
1197120573864316298,Seefeld
1197215131664824114,Altstetten
1197591601515362340,Alt-Wiedikon
1197592091932880701,Seebach
1197765047972197598,Wipkingen
1199101909274312913,Oberstrass
1199114000202373600,Altstetten
1199884031062368054,Sihlfeld
1200021430863750618,Friesenberg
1200067717365411660,Langstrasse
1200097194331286484,Langstrasse
1200110905980538333,Langstrasse
1200434037210124312,Schwamendingen-Mitte
1200738678192622906,Fluntern
1201186317213180808,Witikon
1202181762344247118,Seefeld
1202183091802926790,Wipkingen
1202611926134567647,Hottingen
1202637171810437696,Wipkingen
1202756036366229659,Wipkingen
1202779174349568016,Oerlikon
1202909680155740603,Hottingen
1202915855923020760,Seefeld
1203042518304587916,Oerlikon
1204142780945078598,Seefeld
1204427498671591019,Wollishofen
1204820799445904693,Altstetten
1205505814874547728,Wipkingen
1205935723591564256,Rathaus
1206279353637890248,Alt-Wiedikon
1206324314651981107,Oerlikon
1206324664703375481,Langstrasse
1206568846222382864,Höngg
1207104945422435921,Unterstrass
1207118128168488958,Lindenhof
1207118128336085602,Lindenhof
1207118193082156238,Lindenhof
1207118245517416233,Lindenhof
1207118253264888991,Lindenhof
1207146175320917286,Unterstrass
1207148429206637584,Seebach
1207159278405172885,Unterstrass
1207175015954866243,Unterstrass
1207290247509599866,Seebach
1207962133217825823,Höngg
1208075482575251368,Altstetten
1208405789738668649,Alt-Wiedikon
1208470103869332013,Wollishofen
1208538084350842601,Oberstrass
1208788386695399608,Sihlfeld
1209967168693926902,Wipkingen
1209992180031403731,Langstrasse
1210192589541042168,Weinegg
1213504604264401931,Seefeld
1213504924797636823,Alt-Wiedikon
1213505222557951505,Alt-Wiedikon
1213505617731861966,Alt-Wiedikon
1213537668602946284,Langstrasse
1213645399322699639,Seebach
1213801234690393765,Oberstrass
1214539278395991640,Höngg
1214599121050307126,Seebach
1214602133903630816,Seebach
1214603611545581369,Seebach
1215153631646038807,Albisrieden
1215227474019125924,Wipkingen
1216729129713773437,Affoltern
1216748568644086081,Altstetten
1217152512709503398,Seebach
1217449951958351279,Wollishofen
1217478867357470103,Unterstrass
1218047102913998993,Gewerbeschule
1218080474577570080,Unterstrass
1218192580840856101,Altstetten
1218212805259031557,Escher Wyss
1218232736334482528,Hirzenbach
1218610506352531466,Langstrasse
1218649224287388367,Oerlikon
1218665779914584192,Seefeld
1218813547915663055,Seefeld
1218841427043390872,Mühlebach
1219287468098353016,Sihlfeld
1219287663169907804,Sihlfeld
1219287894624048983,Sihlfeld
1219288070398459911,Sihlfeld
1220271491161170925,Langstrasse
1221497805332557408,Langstrasse
1221610123300559758,Seefeld
1222255212780818977,Hochschulen
1222342040528662856,Alt-Wiedikon
1223055659640340835,Oberstrass
1223116466818451318,Wipkingen
1223116868083820971,Sihlfeld
1223707044312317891,Mühlebach
1223915955089385790,Oberstrass
1223988356168706359,Seebach
1224000911641908648,Seebach
1224017144242285767,Seebach
1224025629419925272,Seebach
1224036850276198900,Seebach
1224047249595881769,Seebach
1224076066672010559,Seebach
1224606722538028919,Hottingen
1224607278471326501,Gewerbeschule
1226007489824183055,Sihlfeld
1226766838998612644,Seebach
1226798850246438158,Hard
1226857582093921636,Unterstrass
1226961519771136620,Hard
1228062147700111665,Hard
1228139709407043195,Langstrasse
1228329145700222826,Höngg
1228999888017065511,Hard
1229027834473467094,Seebach
1229057349307006351,Seebach
1229118445100472069,Seebach
1229126323633746709,Seebach
1230437648774198042,Hard
1231048121768521429,Mühlebach
1231147952743548699,Alt-Wiedikon
1231187285834633167,Hard
1231739264490582849,Sihlfeld
1231905794950510609,Höngg
1232391949793373670,Mühlebach
1232419388241809633,Wollishofen
1232543743363128782,Hottingen
1232682407613237834,Hottingen
1233106793058874333,Enge
1233140796052108572,Sihlfeld
1233369094916987595,Affoltern
1233851288239180561,Unterstrass
1234021639675541166,Hard
1234204667406584893,Hottingen
1236113908086835604,Altstetten
1236143056236574363,Albisrieden
1236144718398308429,Altstetten
1236331169365722760,Sihlfeld
1236633959577405501,Oerlikon
1236678954538822242,Langstrasse
1236775312574900953,Altstetten
1236887942079540764,Oerlikon
1237050338076183212,Seebach
1237057737534199344,Seebach
1240530032894253714,Albisrieden
1241287718107262358,Alt-Wiedikon
1241296395373080880,Unterstrass
1241338459665929751,Seebach
1242812126751186178,Enge
1243318919780844501,Mühlebach
1243371024358969334,Altstetten
1243449127847120741,Wollishofen
1244802325599398482,Weinegg
1245009029575870447,Seefeld
1245359809513362972,Unterstrass
1245523061142689274,Langstrasse
1246145858487826964,Unterstrass
1246159363530959690,Unterstrass
1246302673133424386,Unterstrass
1246347375862558397,Oberstrass
1246488763280688304,Wollishofen
1246957107267396564,Mühlebach
1246963188907833446,Hard
1247015024463668497,Enge
1247096642818583096,Mühlebach
1247164529075306007,Unterstrass
1247206487074296509,Wollishofen
1247232675293168794,Langstrasse
1247348035408237965,Hard
1247861644662478834,Langstrasse
1247923942075037445,Höngg
1248361807500148659,Alt-Wiedikon
1248796136333008920,Seebach
1249073234384444591,Höngg
1249241859700371249,Altstetten
1249241895887879332,Höngg
1250619365942301520,Hochschulen
1250710434543882082,Langstrasse
1251314680168544352,Enge
1251997622358104340,Enge
1252068315277372261,Affoltern
1252265210542955721,Alt-Wiedikon
1253504463902581769,Hard
1254160763690195836,Gewerbeschule
1254424876383550199,Schwamendingen-Mitte
1254957103097300258,Oberstrass
1256419572499818704,Hard
1257028083109377249,Hard
1257069623653588577,Langstrasse
1258461742012188676,Werd
1258604949751564764,Lindenhof
1258869752773080303,Hard
1258874699687984085,Hard
1259311783324989881,Alt-Wiedikon
1259330150914065689,Alt-Wiedikon
1259348925963040140,Alt-Wiedikon
1259378209542142701,Enge
1259947262072204753,Altstetten
1259961996751697849,Unterstrass
1260138879343731436,Rathaus
1260894059609491682,Unterstrass
1261682812447793984,Alt-Wiedikon
1261760958320496256,Hirslanden
1261922218593218718,Wipkingen
1262131961713846092,Langstrasse
1262318003749250570,Enge
1262738327076817969,Albisrieden
1262851495307267206,Enge
1263247683242685464,Langstrasse
1263706909168694706,Oerlikon
1264266107581436018,Hochschulen
1265128120942251339,Hard
1265132719346313845,Sihlfeld
1265139654094112834,Hard
1265141286730234001,Sihlfeld
1265156809665068891,Hard
1265160343241963159,Hard
1265162581210562636,Sihlfeld
1265163337757887175,Hard
1265164153559762769,Hard
1265887032535740395,Höngg
1265889105150092043,Gewerbeschule
1266510061864938032,Fluntern
1266672238726268379,Wollishofen
1267129457319616558,Escher Wyss
1267366693430560689,Lindenhof
1267386512583553398,Unterstrass
1267392130705794442,Unterstrass
1267398086201718370,Unterstrass
1267404554135546477,Seefeld
1268095793567489825,Unterstrass
1268250515612502848,Hard
1268679813595763445,Seefeld
1268696273676017115,Seefeld
1269425621858734372,Alt-Wiedikon
1269425622556331984,Alt-Wiedikon
1269425793153891783,Alt-Wiedikon
1269425884892671354,Alt-Wiedikon
1269654341061358597,Rathaus
1270050972025342955,Alt-Wiedikon
1270051114304002212,Alt-Wiedikon
1270871562217738835,Seebach
1270911943279089448,Seebach
1271613816416023513,Unterstrass
1272166415932061546,Wollishofen
1272269280434761769,Lindenhof
1272375766278745319,Unterstrass
1272404340936330355,Hirslanden
1273116871383534244,Sihlfeld
1273123452203104064,Langstrasse
1273339476124491499,Alt-Wiedikon
1274012663768582357,Enge
1274120126432283390,Hard
1274466138197114370,Alt-Wiedikon
1274628680831291176,Unterstrass
1275143843776985242,Hottingen
1277520686495680719,Gewerbeschule
1278765738988915558,Werd
1278824184894724459,Enge
1278938770911609006,Werd
1278944120497924663,Werd
1278947865169021183,Werd
1278951075743491555,Werd
1278954257836184785,Werd
1278956939308645649,Werd
1279617747457206243,Sihlfeld
1279618077771669437,Oberstrass
1279620253386854442,Oberstrass
1279620720959441256,Oberstrass
1279621004311638774,Oberstrass
1279621343569754159,Oberstrass
1279621754994013448,Oberstrass
1279731935109642318,Hard
1280454676811501290,Seefeld
1281886560265092923,Friesenberg
1282371365091393218,Albisrieden
1282651704869514118,Unterstrass
1283093474558558043,Seefeld
1283312106572932985,Enge
1283312521367438749,Fluntern
1283313715128805112,Sihlfeld
1283314044447520249,Sihlfeld
1283314361594692485,Oberstrass
1283521555949829381,Weinegg
1284026682346458318,Hirslanden
1284039007723261438,Witikon
1284201360621202136,Hirslanden
1284201588193807292,Hirslanden
1284201784781873023,Hirslanden
1284202018765981285,Hirslanden
1284635761012871540,Hochschulen
1284693938368300316,Hard
1284732599387803121,Oberstrass
1284754456745216532,Albisrieden
1284754747536173472,Unterstrass
1284781083450592231,Weinegg
1284791844326776014,Unterstrass
1285483914498116829,Oberstrass
1286040861575824883,Unterstrass
1286265156496199683,Wollishofen
1286865763883798101,Alt-Wiedikon
1286977345988915627,Alt-Wiedikon
1287105270334973622,Schwamendingen-Mitte
1287334688373575801,Mühlebach
1287523405179270944,Enge
1287559299755026593,Hochschulen
1287620533839560930,Langstrasse
1287630604692839530,Unterstrass
1287681880491757130,Gewerbeschule
1287846702139447017,Hard
1288176665758922127,Unterstrass
1288313174549766491,Unterstrass
1289022915577578718,Langstrasse
1289022915710351303,Langstrasse
1289022969585936712,Langstrasse
1289024964833416671,Gewerbeschule
1289024965006075182,Gewerbeschule
1289031276326446480,Wipkingen
1289031276458735663,Wipkingen
1289031328499628212,Wipkingen
1289285601476859046,Gewerbeschule
1290665018154625957,Seebach
1291405527803043442,Rathaus
1291829957011266876,Escher Wyss
1292441401914594109,Albisrieden
1292692876110549708,Langstrasse
1293381021940234457,Höngg
1293424915673226058,Gewerbeschule
1293605807959316379,Wipkingen
1294080514837667808,Hirslanden
1294770672154186335,Unterstrass
1295241996740762333,Langstrasse
1295447770657587670,Rathaus
1295546459742938911,Seebach
1295750377517383903,Hochschulen
1295782105419549924,Mühlebach
1295784270216035840,Hochschulen
1296412639387630028,Sihlfeld
1296932865753936748,Wollishofen
1297113051671712482,Seefeld
1297168433144604359,Seebach
1297183236341584855,Langstrasse
1297221609066879666,Albisrieden
1297783209612268706,Hirslanden
1297940295653100496,Wollishofen
1298298894833540642,Mühlebach
1298358903155012178,Enge
1298378153900606182,Oerlikon
1298389065119939627,Höngg
1298781639163040216,Hochschulen
1299057331370405659,Gewerbeschule
1299057675672661310,Sihlfeld
1299167757644142053,Hirslanden
1301536883887163831,Gewerbeschule
1302117435658295155,Seefeld
1302194835564079827,Seefeld
1302203151233508754,Seefeld
1302220535236392827,Seefeld
1302307419152785234,Langstrasse
1302313335909458523,Langstrasse
1302333319758958527,Seefeld
1302826082173931703,Seebach
1302826082418938135,Seebach
1302826207416660038,Seebach
1302826374994125219,Seebach
1302826494878766825,Seebach
1302826531797712507,Seebach
1302910705441490755,Mühlebach
1302917803368626651,Seefeld
1302928356507918125,Mühlebach
1303099147861595344,Mühlebach
1303102568357449359,Mühlebach
1303102948573228888,Mühlebach
1303369061359478427,Sihlfeld
1303417069888366515,Oberstrass
1303501614700818807,Fluntern
1303539072566443025,Sihlfeld
1303611440015777555,Sihlfeld
1303695241945434771,Hirzenbach
1304268278668219592,Hard
1304831798603907751,Werd
1305035258846741184,Langstrasse
1305040928933443905,Unterstrass
1305050544387354665,Affoltern
1305233245737171355,Werd
1305653437205466463,Werd
1305710925457610426,Seefeld
1305747935435316990,Enge
1305762886204534976,Langstrasse
1305830428013932145,City
1305872457543376476,Sihlfeld
1306425066459161073,Alt-Wiedikon
1306708412197952774,Weinegg
1307235451699478722,Rathaus
1307460224129743738,Wollishofen
1307476972228816295,Sihlfeld
1307991337791035881,Seefeld
1308054783853151570,Oberstrass
1308702318118481595,Enge
1308742249104615485,Enge
1309467444643442283,Schwamendingen-Mitte
1310143395278955728,Enge
1310146762162753625,Enge
1310148028522985249,Enge
1310154428959648079,Enge
1311617364603857019,Alt-Wiedikon
1311676054417470678,Schwamendingen-Mitte
1312305705968876962,Höngg
1313111367337541989,Wipkingen
1313722254765473817,Langstrasse
1314299648849381245,Gewerbeschule
1314418993721466040,Enge
1314420953292738359,Enge
1314436664124942790,Enge
1314439109826480010,Enge
1314453263720698359,Enge
1314984749107695459,Langstrasse
1315055758409562871,Rathaus
1315294217190233875,Escher Wyss
1315934676435839442,Fluntern
1316175394928850409,Hirslanden
1317163835651675782,Seebach
1317947835472105562,Escher Wyss
1318744914599145398,Seebach
1318789215361466884,Altstetten
1318982268356225133,Hard
1319466155473328853,Oberstrass
1319727571638639421,Seefeld
1320018647597017283,Werd
1320134269890301332,Alt-Wiedikon
1320458055103984511,Seebach
1320887720366663995,Wipkingen
1321731529894635699,Hirzenbach
1322503381790650022,Wollishofen
1323186380832564319,Albisrieden
1324741902873616774,Unterstrass
1324973298677381818,Hard
1325336488941784170,Gewerbeschule
1325383675239629341,Oberstrass
1325916371545876360,Gewerbeschule
1325933421927845590,Gewerbeschule
1326028684477218444,Weinegg
1326062998431490129,Hottingen
1326200195841938854,Unterstrass
1326223230799480389,Unterstrass
1326668071288451711,Albisrieden
1326806103479052897,Sihlfeld
1327360380056275268,Leimbach
1327521548091875707,Unterstrass
1327581556836273808,Alt-Wiedikon
1328088040658647977,Oerlikon
1328123307563071275,Altstetten
1328559933572650853,Hard
1329718265392904575,Hottingen
1329718757388281682,Hottingen
1329720245782632155,Hottingen
1329721144970605961,Hottingen
1329721774042704323,Hottingen
1329722389211186501,Hottingen
1329722933032421111,Hottingen
1329723467183296948,Hottingen
1329904803516794353,Mühlebach
1330408093434143515,Schwamendingen-Mitte
1330422527872184288,Langstrasse
1330645849259017283,Fluntern
1332561879045398178,Sihlfeld
1333211854679556345,Seebach
1333251612771413873,Enge
1334731560045434897,Hard
1334812093473184733,Unterstrass
1334847109395519999,Alt-Wiedikon
1335415072851654786,Seebach
1335465197923075724,Mühlebach
1335504690643593489,Enge
1335550943280795832,Sihlfeld
1335713955551406284,Enge
1335998984102967356,Unterstrass
1336247164055145592,Wollishofen
1336462075196321401,Langstrasse
1337751072639951006,Seebach
1337892998162622137,Altstetten
1338337051312155101,Unterstrass
1339107708048258314,Seefeld
1339246512507863731,Friesenberg
1339933101732221413,Hirslanden
1339980119051581690,Hirslanden
1340055884771795137,Langstrasse
1340068054966717426,Langstrasse
1341050552646910178,Lindenhof
1341188446796972590,Seefeld
1341806761025446459,Hochschulen
1342574028505907712,Alt-Wiedikon
1342804327755624896,Sihlfeld
1343361655767188273,Seebach
1343361860094620270,Seebach
1343439556609302012,Seebach
1343513596498346756,Wipkingen
1343514137397246834,Seefeld
1343574955617458869,Enge
1343587767190733181,Langstrasse
1344042693910726536,City
1344748961145092945,Enge
1344749353728554923,Oberstrass
1344888743049550418,Seefeld
1344909274537372406,Mühlebach
1345064159886288918,Weinegg
1345676909792399090,Mühlebach
1345723794660077429,Sihlfeld
1346651051109431855,Oerlikon
1347013434802160885,Oerlikon
1348414980612373287,Wipkingen
1348438841620857576,Wipkingen
1348443083465139220,Langstrasse
1348473132300348411,Wipkingen
1348501595139917359,Wipkingen
1348510877735738303,Wipkingen
1348567386355789701,Weinegg
1348567658266379200,Weinegg
1349050547408998314,Oerlikon
1349212527545732629,Seebach
1350075619065758836,Wipkingen
1350558464417190291,Wipkingen
1350567471719652726,Wipkingen
1352019773390728552,Rathaus
1353055392713954035,Oberstrass
1353094973870812110,Alt-Wiedikon
1354165552662831036,Hard
1354801940010951726,Unterstrass
1355026127679672514,Altstetten
1355179761108609526,Albisrieden
1355247898667608574,Mühlebach
1355940170615596510,Hottingen
1355983011961613234,Hottingen
1356023578380369693,Hottingen
1356390242184908530,Seefeld
1357086603777086395,Enge
1357810588831247953,Unterstrass
1357977845865690647,Altstetten
1358120926380281021,Hirslanden
1358524241653125138,Escher Wyss
1358638344928294335,Escher Wyss
1358654634136588761,Langstrasse
1359507201657871544,Alt-Wiedikon
1359519166101501950,Altstetten
1359559563463851333,Affoltern
1360826759782652608,Hirslanden
1360989426682422455,Seefeld
1363035990434041769,Langstrasse
1363498380731725017,Unterstrass
1363567730866414028,Lindenhof
1363846920587032050,Seebach
1363869812446624900,Hard
1364520406751272487,Sihlfeld
1364533003235229696,Sihlfeld
1365390780556923493,Alt-Wiedikon
1366485649385650131,Sihlfeld
1367182982702528450,Alt-Wiedikon
1367296697567977726,Gewerbeschule
1367297010425145366,Seebach
1367297720996205850,Seebach
1367297956140988744,Seebach
1367502079232548916,Altstetten
1367514025888517341,Oberstrass
1367922572678879378,Hochschulen
1367950400991889814,Hochschulen
1368601644067657275,Albisrieden
1368876388746703886,Langstrasse
1368921452893065984,Mühlebach
1369404778733540687,Weinegg
1369557461130306189,Langstrasse
1369631072751373657,Mühlebach
1370136299640430861,Mühlebach
1370174404006048472,Seefeld
1370462491593557786,Langstrasse
1370468730423431607,Langstrasse
1370818243062072680,Seefeld
1370879657369151077,Langstrasse
1370891393137182897,Oberstrass
1371028836586111442,Altstetten
1371075457406594384,Hirslanden
1371648129402275760,Sihlfeld
1372329855170373153,Werd
1372435353884053590,Friesenberg
1372520565720638839,Oberstrass
1372932346658923220,City
1373036068038077089,Höngg
1373050224711658147,Werd
1373189387652318200,Unterstrass
1373206312800364792,Höngg
1373787112936214379,Altstetten
1373917099408955410,Gewerbeschule
1373917319606991060,Gewerbeschule
1373937967992607203,Alt-Wiedikon
1374028457070106942,Rathaus
1374434543156491281,Enge
1374491796828456389,Hard
1375143314944147571,Alt-Wiedikon
1376665687543841047,Seefeld
1377404838749923625,Langstrasse
1377698168315160152,Oberstrass
1378173306498369050,Wipkingen
1378183967686368598,Wipkingen
1378196349272770160,Wipkingen
1378258131557962717,Wipkingen
1378266163426688608,Wipkingen
1378356555765408403,Wipkingen
1378922953400753566,Höngg
1378954693726103176,Seebach
1379199774470707462,Wipkingen
1379212715540634137,Wipkingen
1379265890811219564,Wipkingen
1379275577666339380,Wipkingen
1379550810088793875,Langstrasse
1379580644117707873,Langstrasse
1380413971702710765,Seefeld
1380615463888762606,Wipkingen
1381040226519568956,Wipkingen
1381684727625455698,Mühlebach
1381697723340644458,Alt-Wiedikon
1381835367024932406,Alt-Wiedikon
1381933705413121960,Schwamendingen-Mitte
1382253803866510037,Werd
1382513940510493901,Mühlebach
1382601707803103963,Wipkingen
1382727284773188348,Seefeld
1383288359361622601,Hottingen
1383446512766421343,Langstrasse
1383523951191311404,Langstrasse
1384132420893450816,Sihlfeld
1384609615773618634,Hottingen
1384828896083782601,Unterstrass
1384907123065356051,Oberstrass
1384918119597523618,Alt-Wiedikon
1385580259133589386,Alt-Wiedikon
1385582031160786539,Alt-Wiedikon
1385623603049827094,Rathaus
1386319713281692302,Hirslanden
1386756614870370103,Altstetten
1386788106364267802,Höngg
1387413889259115379,Alt-Wiedikon
1388276941144685150,Alt-Wiedikon
1389051644908873469,Hard
1389130023226672375,Hard
1389157411928295914,Sihlfeld
1389176136431155672,Hard
1389334176947283141,Altstetten
1389841069217702222,Unterstrass
1389853693977859084,Alt-Wiedikon
1390536735965591301,Unterstrass
1390547678629881436,Witikon
1390596930405120967,Escher Wyss
1391291890970980263,Rathaus
1391874430994508855,Mühlebach
1391977432274832622,Gewerbeschule
1392083348334104237,Mühlebach
1392098167154819206,Seefeld
1392105520030076161,Mühlebach
1392223412375671608,Oberstrass
1392607366628864161,Seebach
1392755518714951024,Albisrieden
1392947522744345396,Wollishofen
1393233996806726894,Oerlikon
1393250234927441666,Albisrieden
1393293420970901529,Höngg
1393729302273431435,Weinegg
1393965375478311606,Mühlebach
1394090846610440246,Wipkingen
1394157008360807396,Sihlfeld
1394171162084997631,Rathaus
1394245154080782824,Seebach
1394245554195185842,Seebach
1394246341800020789,Seebach
1394371538394035889,Alt-Wiedikon
1394749065508237280,Alt-Wiedikon
1394773576615045552,Enge
1394774252347229343,Unterstrass
1394774653744741242,Wollishofen
1394775062986273855,Alt-Wiedikon
1394775450620478361,Sihlfeld
1394855965040942571,Seefeld
1394868125397279160,Seefeld
1394881186565941932,Seefeld
1394963917957884949,Werd
1395451217888729867,Fluntern
1395608822175502310,Unterstrass
1395644124425314020,Unterstrass
1395981705728819108,Fluntern
1396075204015095077,Witikon
1396436785602153261,Sihlfeld
1396509552739153343,Alt-Wiedikon
1396827108258626308,Unterstrass
1396990230670847364,Langstrasse
1397232777247391003,Langstrasse
1397547202113912118,Wollishofen
1397670238294861594,Seebach
1397834401535344878,Wollishofen
1397974498933756937,Enge
1398512132326445447,Sihlfeld
1398520463916731833,Oberstrass
1399212912665668135,Saatlen
1399267393374505904,Hirslanden
1399442494628728301,Seefeld
1400015173970010034,Hochschulen
1400772690361068832,Seebach
1400782485014200922,Seebach
1400783135577486409,Seebach
1400783405859359516,Seebach
1400783844446761057,Seebach
1400784362440086757,Seebach
1400784837094165832,Seebach
1401160651704665256,Sihlfeld
1401160984574719458,Sihlfeld
1401161318879037224,Sihlfeld
1401161634992047920,Friesenberg
1401292288032995907,Rathaus
1401478708570943132,Hochschulen
1401483962721606971,Rathaus
1402006577857102488,Mühlebach
1402040090408493263,Langstrasse
1402650667221792981,Mühlebach
1402835302124413956,Witikon
1402863237069224854,Rathaus
1403371012118427267,Escher Wyss
1403532248680866533,Rathaus
1403820095462697576,Witikon
1404438838648381585,Hard
1405555061460250735,Schwamendingen-Mitte
1405607464080921070,Alt-Wiedikon
1405614986158783170,Hard
1405767381047500546,Enge
1406564092878220766,Wipkingen
1406978840161189967,Langstrasse
1407095211236539463,Oerlikon
1407461350686112319,Unterstrass
1407819682438812876,Langstrasse
1407909245928385690,Hochschulen
1408153696591021405,Rathaus
1408594668470400848,Unterstrass
1409410421755003374,Langstrasse
1409421419378011193,Hard
1409530675633456836,Hochschulen
1409611737058393270,Witikon
1410141018891672360,Sihlfeld
1410159178786536567,Hard
1410727126737577458,Werd
1411353962701492481,Mühlebach
1411418192353530969,Oerlikon
1411507222173533795,Oerlikon
1411543103100945893,Leimbach
1411725443408678189,Affoltern
1412254360087852386,Sihlfeld
1412936318101198811,Witikon
1413676098628817342,Friesenberg
1413742889136416262,Unterstrass
1414318152746861461,Wipkingen
1414377075411232103,Höngg
1414569933899272720,Hottingen
1414613240841818466,Rathaus
1414649351041244085,Sihlfeld
1415236807716921726,Sihlfeld
1415677598573888665,Höngg
1415681826616882726,Oerlikon
1415970582592269196,Sihlfeld
1417429640130866485,Weinegg
1418061439090978763,Oerlikon
1418155767479571891,Friesenberg
1418772600396308540,Mühlebach
1418776404529383408,Lindenhof
1418959950430663681,Schwamendingen-Mitte
1419497181236649943,Escher Wyss
1420101503676059547,Hard
1420191461025775610,Mühlebach
1420205425643144369,Escher Wyss
1420251642131047986,Rathaus
1420336047413517629,Mühlebach
1420785338206062411,Oberstrass
1420806641050141759,Wollishofen
1420820190234608142,Hottingen
1420971843345548534,Saatlen
1421080372360201323,Seefeld
1421124835182868330,Alt-Wiedikon
1421173739020569637,Hard
1421218818069216012,Hard
1421506390292414400,Alt-Wiedikon
1421608986296583423,Altstetten
1422486959821668252,Rathaus
1422998230778521073,Albisrieden
1423222800052115905,Altstetten
1423333642214473227,Seebach
1423676239908070958,Seebach
1423680733564252865,Seebach
1423686905770851622,Seebach
1423760289581822487,Unterstrass
1423972643231400068,Mühlebach
1423982847925623120,Mühlebach
1423983232710506921,Seefeld
1424064240542173717,Wipkingen
1424081774611937633,Oerlikon
1424107781288698543,Wipkingen
1424340972427691219,Mühlebach
1424522079112723621,Sihlfeld
1424546046232962141,Hochschulen
1424779962296227710,Albisrieden
1425847640680099310,Wollishofen
1425864312698080083,Weinegg
1425881725704566210,Wollishofen
1426057408974528149,Weinegg
1426109627224674626,Weinegg
1426114610191606845,Hottingen
1426636380525304375,Witikon
1426688858761038773,Sihlfeld
1426724090334125287,Enge
1426745534651714512,Schwamendingen-Mitte
1426939346482678560,Hard
1426942926083503175,City
1427279823670425194,Hard
1427418665807292322,Hard
1427432836372830851,Alt-Wiedikon
1427512572144742823,Alt-Wiedikon
1427655999530367229,Friesenberg
1428029308281505128,Hirzenbach
1428284690333215185,Alt-Wiedikon
1428880312092246873,Hottingen
1429096682965787285,Alt-Wiedikon
1429529287152540641,Oerlikon
1429545251853498948,Albisrieden
1429555041599383165,Alt-Wiedikon
1429643898429625320,Hottingen
1429692608946161399,Alt-Wiedikon
1429759565110368628,Unterstrass
1429793058439660720,Unterstrass
1430261939839053794,Langstrasse
1430617160121462612,Gewerbeschule
1430977735224900485,Oerlikon
1431104046868226689,Sihlfeld
1431329835052032776,Alt-Wiedikon
1431330900692049409,Alt-Wiedikon
1431676373974816051,Weinegg
1431796592860136532,Hirzenbach
1432045097088380261,Affoltern
1432419226337815495,Höngg
1432552496824177563,Höngg
1432597805106791708,Höngg
1432686384496820912,Altstetten
1433178105310614154,Albisrieden
1433336567164320642,Sihlfeld
1434052467347898078,Seefeld
1434088389367203201,Altstetten
1434564911054884951,Langstrasse
1434607346337559861,Langstrasse
1434619051514426570,Langstrasse
1434630732472438288,Langstrasse
1435136232470041921,Wipkingen
1435136294353774095,Wipkingen
1435136353593229338,Wipkingen
1435136412474822929,Wipkingen
1435136471242777166,Wipkingen
1435136529048616818,Wipkingen
1435136585408989704,Wipkingen
1435436471782064725,Oerlikon
1435624612328812832,Unterstrass
1436062153532388042,Oberstrass
1436143876628199195,Langstrasse
1436371238079915013,Langstrasse
1436423690179402899,Sihlfeld
1436451436159286901,Friesenberg
1436697931532690599,Höngg
1436945650942100290,Höngg
1436949128311226921,Hard
1436977299773980286,Sihlfeld
1437659865099999485,Hochschulen
1438275600602723218,Altstetten
1438413831681548729,Alt-Wiedikon
1438531182267736215,Saatlen
1439258238069964598,Fluntern
1439293420929266981,Fluntern
1439317801567146096,Fluntern
1440002421641143798,Seefeld
1440002723454384308,Seefeld
1440002971123979379,Seefeld
1440589721891691860,Hochschulen
1440650120481999012,Oerlikon
1440672364573248346,Mühlebach
1441517498349064016,Seebach
1441826690655202607,Seebach
1442026021017518705,Enge
1442037556576722546,Enge
1442456482411860140,Mühlebach
1442865032039361823,Langstrasse
1443402615720570733,Hirzenbach
1444690240973901183,Weinegg
1444941643530933692,Hottingen
1445072729233348032,Langstrasse
1445435467790202592,Affoltern
1445438650698994466,Höngg
1445446022224279370,Seebach
1445496588877135734,Witikon
1445696475268194934,Alt-Wiedikon
1445715762929959303,Sihlfeld
1446185772809178587,Sihlfeld
1446238244472967101,Rathaus
1446284703677689465,Seebach
1446333693466033418,Sihlfeld
1446371374617936541,Sihlfeld
1446604295658632156,Unterstrass
1446892252025937898,Oerlikon
1446915554787763967,Oerlikon
1446981117719806548,Unterstrass
1447026956629361359,Oerlikon
1447029301702112805,Mühlebach
1447075954933337891,Seefeld
1447171387944781233,Höngg
1447579004546820656,Escher Wyss
1447792266291004151,Unterstrass
1447888893765728477,Altstetten
1448025420281323625,Sihlfeld
1448375239940632617,Saatlen
1448592952161266576,Albisrieden
1449183953819005808,Altstetten
1449205942855328642,Altstetten
1449244009522424391,Langstrasse
1449287838310935779,Sihlfeld
1449843860547670668,Affoltern
1449852477872687401,Hochschulen
1449857409237644212,Hochschulen
1449886868380469552,Oerlikon
1449977853718218145,Werd
1450008235416364197,Oberstrass
1450101847563874278,Hottingen
1450147760776242722,Saatlen
1450174596729326284,Saatlen
1450498249890331625,Sihlfeld
1450535972951493201,Wollishofen
1450981179330874901,Enge
1451283208742905750,Affoltern
1451559212513188391,Oerlikon
1451588024531396699,Langstrasse
